keyword,language,topic,topicColor,keywordColor,limitPages,ratioNew
'Gerölllawine',de,Hazard,#5282c5,#e64123,1,93380.80911419971
'Schutzmauer Lawine',de,Adaptation,#4257f5,#e64123,1,371.3968317687022
'Erdrutsch',de,Hazard,#4287f5,#5282c5,3,0.0991168680561228
'Felssturz',de,Hazard,#5282c5,#77731f,1,0.0737462549341993
'Steinschlag',de,Hazard,#5282c5,#d64118,3,0.0399289910241425
'Schlammlawine',de,Hazard,#5282c5,#802d16,1,0.0342846884103405
'Felsbrocken',de,Hazard,#5282c5,#d64118,2,0.0272839797664286
'Massenbewegung',de,Hazard,#5282c5,#a89216,1,0.0246318660601785
'Starkregen Hang',de,Causes,#9e3215,#802d16,1,0.023642628098126634
'Verbauung Schutz',de,Adaptation,#4257f5,#802d12,1,0.0222344893085348
'Permafrost Gebirge',de,Causes,#9e3215,#477515,1,0.0147051802335398
'Steinschlag Tod',de,Impacts,#802d16,#4287f5,1,0.0073828428002401
'Erdrutsch Zerstörung',de,Impacts,#802d16,#4248f4,1,0.0073511503153507
'Steinschlag Zerstörung',de,Impacts,#802d16,#4257f4,1,0.0027196382188428
'Gletscherabbruch',de,Hazard,#5282c5,#e64128,1,0.0002636881804001
'Steinschlag Zaun',de,Adaptation,#4257f5,#802d16,1,0.0002037950734546
'Felslawine',de,Hazard,#5282c5,#c4b03b,1,0.0001054138571085
'Tauwetter Rutschung',de,Causes,#9e3215,#315fa8,1,9.185736155708e-05
'Frostsprengung',de,Causes,#9e3215,#9e3215,1,8.436101378278175e-05
'Stahlnetz Schutz',de,Adaptation,#4257f5,#802d18,1,4.3988594841565625e-05
'Stahlnetz Schutz',de,Adaptation,#4257f5,#315fa8,1,4.3988594841565625e-05
