index,published,keyword,domain,language,valid,title,description,url,image,archive,content,quote,de,en,la,added
a1e7b117cdac91e9fd4a8e6c7244888a,2026-07-04T15:21:43Z,'Felssturz',kaernten.orf.at,de,0.9,200-kg-Stein trifft Bergsteiger: Schwer verletzt,"Samstagfrüh ist es zu einem Kletterunfall zweier Bergsteiger aus Tschechien in der Region Malta gekommen. Ein Felssturz verletzte einen der Männer schwer. Rettungskräfte der Bergrettung und Feuerwehr konnten den 38 Jahre alten Verletzten bergen, der ins Krank…",https://kaernten.orf.at/stories/3361273/,https://ibs.orf.at/ktn?image=https%3A%2F%2Foekastatic.orf.at%2Fmojo%2F1_4_1%2Fstoryserver%2Foeka%2Fcommon%2Fimages%2Fog-fallback-ktn.png%3Fs%3Dd1ef40bef2ffd65644b4df37900c0e4d80e97249,http://web.archive.org/web/20260704153653/https://kaernten.orf.at/stories/3361273/,"Die zwei Bergsteiger unternahmen eine hochalpine Wanderung in der Gemeinde Malta (Bezirk Spittal an der Drau). Ziel war die Hochalmspitze. Einer der beiden, im Vorstieg befindlich, wurde entlang der … [+833 chars]",,"200-kg-Stein trifft Bergsteiger: Schwer verletzt. Samstagfrüh ist es zu einem Kletterunfall zweier Bergsteiger aus Tschechien in der Region Malta gekommen. Ein Felssturz verletzte einen der Männer schwer. Rettungskräfte der Bergrettung und Feuerwehr konnten den 38 Jahre alten Verletzten bergen, der ins Krank…","200 kg stone hits mountaineer: seriously injured. On Saturday morning, two mountaineers from the Czech Republic had a climbing accident in the Malta region. A rock fall seriously injured one of the men. Rescue workers from the mountain rescue service and fire department were able to rescue the 38-year-old injured man, who...","CC kg lapis pervenit montani: graviter laesi. Die Sabbati mane duo montani e Res publica Bohemica casum ascendentem in regione Melita habuerunt. Saxum graviter laesus cadit unus ex hominibus. Operarios de monte eripe servitium et department ignis XXXVIII annos laesus redimere potuerunt, qui...",2026-07-08 01:27:51+00:00
24eca947c1cfa41aa710fd5b82b33ecc,2026-07-07T06:11:10Z,'Erdrutsch',www.diepresse.com,de,0.9,Tornados und Gewitterstürme: Tote und hunderte Verletzte in China,"Tödiche Wetterkapriolen in mehreren Teilen Chinas: In der Region Guangxi sind Dämme gebrochen, es gilt die höchste Hochwasser-Alarmstufe. In Gansu wird nach Verschütteten nach einem Erdrutsch gesucht.",https://www.diepresse.com/35523915/tornados-und-gewitterstuerme-tote-und-hunderte-verletzte-in-china,https://img.diepresse.com/public/incoming/cpzzsb-asia-weatherchina/alternates/WEBP_WIDE_1200/ASIA-WEATHERCHINA,,"Die Presse auf Google als bevorzugte Nachrichtenquelle hinzufügen.
 Durch Gewitter und starke Stürme sind in Zentral- und Südchina mindestens 15 Menschen getötet und hunderte weitere verletzt worden… [+1738 chars]",,"Tornados und Gewitterstürme: Tote und hunderte Verletzte in China. Tödiche Wetterkapriolen in mehreren Teilen Chinas: In der Region Guangxi sind Dämme gebrochen, es gilt die höchste Hochwasser-Alarmstufe. In Gansu wird nach Verschütteten nach einem Erdrutsch gesucht.","Tornadoes and thunderstorms: dead and hundreds injured in China. Deadly freak weather in several parts of China: Dams have broken in the Guangxi region and the highest flood alert level is in effect. In Gansu, a search is underway for victims of a landslide.","Turbines et tonitrua: mortui et centeni laesi in Sina. Tempestas letalis lusus in pluribus Sinarum partibus: Dacus in regione Guangxi confregit et in gradu altissimo diluvio erecto in effectu est. In Gansu, quaesitio est citata ad victimas proli.",2026-07-09 01:49:59+00:00
8026ec0c090e77920f25ca70aab9f105,2026-07-07T05:13:03Z,'Erdrutsch',www.derstandard.at,de,0.9,Mehrere Tote bei Unwettern in Zentralchina,Wetterdienste warnten vor weiteren sintflutartigen Regenfällen. In der Provinz Gansu wurden über 30 Menschen bei einem Erdrutsch verschüttet,https://www.derstandard.at/story/3000000330359/tote-bei-unwettern-in-zentralchina-versch252ttete-nach-erdrutsch,https://i.ds.at/qDiPNA/rs:fill:1200:600/plain/lido-images/2026/07/07/ec2fb238-83ec-4719-94cd-fcedbe139a15.jpg,,"Sie entscheiden darüber, wie Sie unsere Inhalte nutzen wollen. Ihr Gerät erlaubt uns derzeit leider nicht, die entsprechenden Optionen anzuzeigen.
Bitte deaktivieren Sie sämtliche Hard- und Software… [+180 chars]",,Mehrere Tote bei Unwettern in Zentralchina. Wetterdienste warnten vor weiteren sintflutartigen Regenfällen. In der Provinz Gansu wurden über 30 Menschen bei einem Erdrutsch verschüttet,Several dead in storms in central China. Weather services warned of further torrential rain. Over 30 people were buried in a landslide in Gansu province,Plures mortui in procellis in Sinis centralibus. Tempestas officia monuit pluviam amplius torrentem. Plus XXX homines in LAPSA in Gansu provinciae sepulti sunt,2026-07-09 12:25:33+00:00
e3afdeacc7c25b47caec768cced1bf59,2026-07-07T05:21:39Z,'Erdrutsch',www.zeit.de,de,0.9,Unwetter: Tote und Vermisste nach Fluten und Erdrutsch in China,Hier finden Sie Informationen zu dem Thema „Unwetter“. Lesen Sie jetzt „Tote und Vermisste nach Fluten und Erdrutsch in China“.,https://www.zeit.de/news/2026-07/07/tote-und-vermisste-nach-fluten-und-erdrutsch-in-china,https://img.zeit.de/news/2026-07/07/tote-und-vermisste-nach-fluten-und-erdrutsch-in-china-image-group/wide__1300x731,http://web.archive.org/web/20260707181635/https://www.zeit.de/news/2026-07/07/tote-und-vermisste-nach-fluten-und-erdrutsch-in-china,Heftige Regenfälle und Unwetter haben in einigen Teilen Chinas zu Toten und Vermissten geführt. In der zentralchinesischen Provinz Hubei meldete der Katastrophenschutz mindestens elf Tote und einen w… [+2411 chars],,Unwetter: Tote und Vermisste nach Fluten und Erdrutsch in China. Hier finden Sie Informationen zu dem Thema „Unwetter“. Lesen Sie jetzt „Tote und Vermisste nach Fluten und Erdrutsch in China“.,Storm: dead and missing after floods and landslides in China. Here you will find information on the topic of “storms”. Read “Dead and missing after floods and landslide in China” now.,"Tempestas: mortua et defuit post diluvia et proruit in Sinis. Hic informationes invenies in argumento ""procellae"". Read ""Mortuus et periit post diluvia et ruina in Sinis"" nunc.",2026-07-09 12:25:33+00:00
c270a2e85228ade5586e16e652714fca,2026-07-07T05:22:53Z,'Erdrutsch',www.tagesspiegel.de,de,0.9,Unwetter: Tote und Vermisste nach Fluten und Erdrutsch in China,Gleich mehrere Regionen Chinas kämpfen mit schweren Regenfällen. Die Behörden melden etliche Tote. Und mit Blick auf den Pazifik könnte die Lage angespannt bleiben.,https://www.tagesspiegel.de/gesellschaft/panorama/unwetter-tote-und-vermisste-nach-fluten-und-erdrutsch-in-china-15809753.html,https://www.tagesspiegel.de/images/15809752/alternates/BASE_16_9_W1400/1783401773000/unwetter-in-china.jpeg,,Heftige Regenfälle und Unwetter haben in einigen Teilen Chinas zu Toten und Vermissten geführt. In der zentralchinesischen Provinz Hubei meldete der Katastrophenschutz mindestens elf Tote und einen w… [+2465 chars],,Unwetter: Tote und Vermisste nach Fluten und Erdrutsch in China. Gleich mehrere Regionen Chinas kämpfen mit schweren Regenfällen. Die Behörden melden etliche Tote. Und mit Blick auf den Pazifik könnte die Lage angespannt bleiben.,"Storm: dead and missing after floods and landslides in China. Several regions of China are struggling with heavy rainfall. The authorities report several deaths. And with a view to the Pacific, the situation could remain tense.","Tempestas: mortua et defuit post diluvia et proruit in Sinis. Plures regiones Sinarum magnis imbribus laborant. Plures mortes auctores referunt. Et intuitu Pacifico, res temporis manere potuit.",2026-07-09 12:25:33+00:00
32e280bcd635bb6f9cd3a586c2e77c0d,2026-07-07T08:00:32Z,'Erdrutsch',www.tagesschau.de,de,0.9,Unwetter: Tote und Vermisste nach Fluten und Erdrutsch in China,"Regenfälle, Tornados und Erdrutsche: In China sind bei heftigen Unwettern mehrere Menschen gestorben, viele werden noch vermisst. Die Lage bleibt angespannt, ein Taifun soll am Wochenende Taiwan treffen.",https://www.tagesschau.de/ausland/asien/china-erdrutsch-128.html,https://images.tagesschau.de/image/186708c9-f848-4817-bac4-5b3e2326a3d2/AAABnztqNnU/AAABnSSvrFg/16x9-big/china-unwetter-102.jpg?width=1280,http://web.archive.org/web/20260707184654/https://www.tagesschau.de/ausland/asien/china-erdrutsch-128.html,"Stand: 07.07.2026 10:00 Uhr
Regenfälle, Tornados und Erdrutsche: In China sind bei heftigen Unwettern mehrere Menschen gestorben, viele werden noch vermisst. Die Lage bleibt angespannt, ein Taifun s… [+3335 chars]",,"Unwetter: Tote und Vermisste nach Fluten und Erdrutsch in China. Regenfälle, Tornados und Erdrutsche: In China sind bei heftigen Unwettern mehrere Menschen gestorben, viele werden noch vermisst. Die Lage bleibt angespannt, ein Taifun soll am Wochenende Taiwan treffen.","Storm: dead and missing after floods and landslides in China. Rainfall, tornadoes and landslides: Several people have died in violent storms in China, and many are still missing. The situation remains tense, a typhoon is expected to hit Taiwan this weekend.","Tempestas: mortua et defuit post diluvia et proruit in Sinis. Imbres, turbines et ruinae: Plures homines in vehementibus procellis in Sinis mortui sunt, et multi adhuc desunt. Status temporis manet, expectatur typhon ut Taiwan hoc weekend ferire.",2026-07-09 12:25:33+00:00
d8a5f980ec4f5ab7d2c519aae8ea1a6c,2026-07-07T18:00:36Z,'Erdrutsch',www.bild.de,de,0.9,Erdrutsch in Indien - Tanker rollt ungebremst auf Menschen zu,Nach heftigem Regen lösen sich Schlamm und Geröll. Ein Tanker wird auf Menschen zugeschoben.,https://www.bild.de/news/ausland/todes-drama-in-kerala-erdrutsch-trifft-tunnelbaustelle-6a4d1a07dfc0c82fa2909461,"https://images.bild.de/6a4d1a07dfc0c82fa2909461/71353d319d41135cd29a80f750370a67,a32bdd9?w=1280",,"+++Messi-Wahnsinn gegen Ägypten! Argentinien dreht 0:2 in 3:2
+++Messi-Wahnsinn gegen Ägypten! Argentinien dreht 0:2 in 3:2
+++Messi-Wahnsinn gegen Ägypten! Argentinien dreht 0:2 in 3:2
+++Messi-W… [+428 chars]",,Erdrutsch in Indien - Tanker rollt ungebremst auf Menschen zu. Nach heftigem Regen lösen sich Schlamm und Geröll. Ein Tanker wird auf Menschen zugeschoben.,"Landslide in India - tanker rolls towards people without braking. After heavy rain, mud and debris come loose. A tanker is pushed towards people.","Landslide in India, amphorae volvit versus homines sine braking. Post imbres graves, lutum et strages solventur. Ad populum amphorarum impellitur.",2026-07-09 12:25:33+00:00
9ef260d22b8dca829db0d07e101b2e26,2026-07-08T04:23:56Z,'Erdrutsch',www.diepresse.com,de,0.9,"Erdrutsche, Staudammbruch, Schlangenausbruch: Opferzahl nach Unwettern in China steigt",Heftige Unwetter lösen einen Erdrutsch im Nordwesten aus. Ein gebrochener Staudamm setzt eine Metropole mit 900.000 Einwohnern unter Wasser - und setzt auch giftige Schlangen los.,https://www.diepresse.com/35796395/erdrutsche-staudammbruch-schlangenausbruch-opferzahl-nach-unwettern-in,https://img.diepresse.com/public/incoming/z6j86a-china-weather-flood/alternates/WEBP_WIDE_1200/CHINA-WEATHER-FLOOD,,"Die Presse auf Google als bevorzugte Nachrichtenquelle hinzufügen.
 Nach einem Erdrutsch im Nordwesten Chinas ist die Zahl der Todesopfer auf 21 gestiegen. Bei dem Unglück nahe der Stadt Longnan in … [+2638 chars]",,"Erdrutsche, Staudammbruch, Schlangenausbruch: Opferzahl nach Unwettern in China steigt. Heftige Unwetter lösen einen Erdrutsch im Nordwesten aus. Ein gebrochener Staudamm setzt eine Metropole mit 900.000 Einwohnern unter Wasser - und setzt auch giftige Schlangen los.","Landslides, dam failure, snake outbreak: number of victims after storms in China increases. Severe storms trigger a landslide in the northwest. A broken dam floods a metropolis with 900,000 inhabitants - and also releases poisonous snakes.","Proruit, dam defectus, tumultus serpens: numerus victimarum post procellas in Sinis crescit. Procellae graves in prolapso ad chorum ducunt. Metropolis cum incolarum 900.000 mola contrita inundat ac etiam serpentes venenosos emittit.",2026-07-09 12:25:33+00:00
6b3fc5195dc7be06baf4b10af5a218b8,2026-07-08T04:49:10Z,'Erdrutsch',www.derstandard.at,de,0.9,Opferzahl nach Unwettern und Erdrutsch in China gestiegen,"Bei einem Erdrutsch starben 21 Personen, auch nach einem Tropensturm und einem Tornado kamen mehrere Menschen ums Leben. Die Wetterlage im Land bleibt weiter angespannt",https://www.derstandard.at/story/3000000330525/opferzahl-nach-unwettern-und-erdrutsch-in-china-gestiegen,https://i.ds.at/VL5hCQ/rs:fill:1200:600/plain/lido-images/2026/07/08/df507fdb-dced-4f22-855e-933667864757.jpg,,"Sie entscheiden darüber, wie Sie unsere Inhalte nutzen wollen. Ihr Gerät erlaubt uns derzeit leider nicht, die entsprechenden Optionen anzuzeigen.
Bitte deaktivieren Sie sämtliche Hard- und Software… [+180 chars]",,"Opferzahl nach Unwettern und Erdrutsch in China gestiegen. Bei einem Erdrutsch starben 21 Personen, auch nach einem Tropensturm und einem Tornado kamen mehrere Menschen ums Leben. Die Wetterlage im Land bleibt weiter angespannt","Number of victims increased after storms and landslide in China. 21 people died in a landslide, and several people also died after a tropical storm and a tornado. The weather situation in the country remains tense","Numerus victimarum auctus est post procellas et in Sinis prolapsus. 21 mortui sunt in terra, et multi etiam post tropicam tempestatem et turbo mortui sunt. Tempestas statum ruri manet temporis",2026-07-09 12:25:33+00:00
292662e2ecf488dc65277d67c7fcd2bc,2026-07-01T11:08:59Z,'Felsbrocken',www.zeit.de,de,0.9,Bahn: Zug kollidiert mit herabfallendem Felsbrocken,Hier finden Sie Informationen zu dem Thema „Bahn“. Lesen Sie jetzt „Zug kollidiert mit herabfallendem Felsbrocken“.,https://www.zeit.de/news/2026-07/01/zug-kollidiert-mit-herabfallendem-felsbrocken,https://img.zeit.de/news/2026-07/01/zug-kollidiert-mit-herabfallendem-felsbrocken-image-group/wide__1300x731,http://web.archive.org/web/20260702074832/https://www.zeit.de/news/2026-07/01/zug-kollidiert-mit-herabfallendem-felsbrocken,"Ein Regionalexpress ist im Kreis Sigmaringen mit einem herabfallenden Felsbrocken kollidiert. Laut Bundespolizei stürzte der Felsen im Gemeindebereich Beuron auf die Gleise und die Landstraße, die pa… [+365 chars]",,Bahn: Zug kollidiert mit herabfallendem Felsbrocken. Hier finden Sie Informationen zu dem Thema „Bahn“. Lesen Sie jetzt „Zug kollidiert mit herabfallendem Felsbrocken“.,Train: Train collides with falling boulder. Here you will find information on the subject of “rail”. Now read “Train collides with falling boulder”.,"Proverbium: Proverbium impacta cum lapsu saxum. Hic reperies informationes de re ""rail"". Nunc lege ""Proverbium scopulus cadens impactus est"".",2026-07-13 01:30:26+00:00
3941d67182888b91454c4ff44569b9a8,2026-07-11T11:02:25Z,'Steinschlag',kaernten.orf.at,de,0.9,"Weniger Permafrost, mehr Steinschlagrisiko","Die immer höheren Temperaturen und der Rückgang des Permafrosts sorgen im Sommer in den Bergen für erhöhte Steinschlaggefahr. Es müssen immer neue Kletterrouten gefunden und bestehende gesichert werden, weil Eis und Fels in Bewegung seien, sagen Bergführer.",https://kaernten.orf.at/stories/3362244/,https://ibs.orf.at/ktn?image=https%3A%2F%2Foekastatic.orf.at%2Fmims%2F2026%2F28%2F97%2Fcrops%2Fw%3D1200%2Ch%3D627%2Cq%3D75%2F3109522_master_1204497_kh_immer_mehr_felsstuerze_insert_260611_00_01_17_04.jpg%3Fs%3D3447627c626ba91315b768f55eb51885e0ca9a40,http://web.archive.org/web/20260712031511/https://kaernten.orf.at/stories/3362244/,Anfang Juli wurde unterhalb der Hochalmspitze im Maltatal ein schwerer Alpinunfall gemeldet. Ein Alpinist aus Tschechien wurde auf dem Winterleitengrat von einer 300 Kilogramm schweren Felsplatte ein… [+1326 chars],,"Weniger Permafrost, mehr Steinschlagrisiko. Die immer höheren Temperaturen und der Rückgang des Permafrosts sorgen im Sommer in den Bergen für erhöhte Steinschlaggefahr. Es müssen immer neue Kletterrouten gefunden und bestehende gesichert werden, weil Eis und Fels in Bewegung seien, sagen Bergführer.","Less permafrost, more risk of rock falls. The ever-higher temperatures and the retreat of permafrost result in an increased risk of falling rocks in the mountains in summer. New climbing routes always have to be found and existing ones secured because ice and rock are moving, say mountain guides.","Minus permafrost, magis saxum periculum cadit. Semper superiores temperaturae et recessus permafrost effectus in aucto periculo petrae cadendi in montibus aestate. Novae viae ascensus semper inveniendae et entium munitae sunt, quia glacies et petra moventur, duces dicunt montes.",2026-07-13 12:25:26+00:00
23c7b53140b8a8f3645ecb992d6acaad,2026-07-11T19:45:00Z,'Steinschlag',www.nzz.ch,de,0.9,Zermatter Bergführer raten derzeit von einer Besteigung des Matterhorns ab: Wie die Hitze den Alpinismus bedroht,Die Zermatter Bergführer raten derzeit von einer Matterhornbesteigung ab – die Steinschlaggefahr ist zu gross. Und eine der berühmtesten Eiswände der Alpen schmilzt in dramatischem Tempo weg. Der Schweizer Bergführerverband reagiert.,https://www.nzz.ch/schweiz/zermatter-bergfuehrer-raten-derzeit-von-einer-besteigung-des-matterhorns-ab-wie-die-hitze-den-alpinismus-bedroht-ld.10015040,"https://img-msp-prod.nzz.ch/2026/07/10/ea09fbae-3626-4629-81a6-10e6d3056eff.jpg?width=526&height=296&fit=bounds&quality=75&auto=webp&crop=526,296,x0,y82",http://web.archive.org/web/20260712030557/https://www.nzz.ch/schweiz/zermatter-bergfuehrer-raten-derzeit-von-einer-besteigung-des-matterhorns-ab-wie-die-hitze-den-alpinismus-bedroht-ld.10015040,"Die Steinschlaggefahr ist am Matterhorn gross. Und eine der berühmtesten Eiswände der Alpen schmilzt in dramatischem Tempo weg. Der Schweizer Bergführerverband reagiert.
Zusammenfassung
Das Matterh… [+6356 chars]",,Zermatter Bergführer raten derzeit von einer Besteigung des Matterhorns ab: Wie die Hitze den Alpinismus bedroht. Die Zermatter Bergführer raten derzeit von einer Matterhornbesteigung ab – die Steinschlaggefahr ist zu gross. Und eine der berühmtesten Eiswände der Alpen schmilzt in dramatischem Tempo weg. Der Schweizer Bergführerverband reagiert.,Zermatt mountain guides are currently advising against climbing the Matterhorn: How the heat threatens alpinism. The Zermatt mountain guides currently advise against climbing the Matterhorn - the risk of falling rocks is too great. And one of the most famous ice walls in the Alps is melting away at a dramatic pace. The Swiss Mountain Guides Association reacts.,Montes Zermatt duces nunc monent contra Matterhorn ascendentes: Quomodo calor alpinismum minatur. Mons Zermatt ducibus nunc suadent contra Matterhorn ascensum - periculum est nimium magnum saxa cadendi. Et unus ex moenibus in Alpibus celeberrimis glaciei luctuoso gressu prostrata est. Consociationis Mons Helvetiae Duces reagit.,2026-07-13 12:25:26+00:00
18bbc412bbb639f8ce18bfa7efd1a0f1,2026-07-06T10:04:51Z,'Erdrutsch',www.derstandard.at,de,0.9,Tiroler Gletscherstraße nach Erdrutsch wohl ab Dienstag wieder befahrbar,Laut Kaunertaler Bürgermeister ist das Stromnetz bereits seit Sonntagmittag wieder hergestellt. Eine Woche zuvor waren im Kaunertal drei Muren abgegangen,https://www.derstandard.at/story/3000000330249/unwetter-tiroler-gletscherstra223e-wohl-ab-dienstag-wieder-befahrbar,https://i.ds.at/vcvuzg/rs:fill:1200:600/plain/lido-images/2026/07/06/fd4d0d3d-38bd-48b1-9a35-4f7a092fad94.jpg,http://web.archive.org/web/20260707102706/https://www.derstandard.at/story/3000000330249/unwetter-tiroler-gletscherstra223e-wohl-ab-dienstag-wieder-befahrbar,"Sie entscheiden darüber, wie Sie unsere Inhalte nutzen wollen. Ihr Gerät erlaubt uns derzeit leider nicht, die entsprechenden Optionen anzuzeigen.
Bitte deaktivieren Sie sämtliche Hard- und Software… [+180 chars]",,Tiroler Gletscherstraße nach Erdrutsch wohl ab Dienstag wieder befahrbar. Laut Kaunertaler Bürgermeister ist das Stromnetz bereits seit Sonntagmittag wieder hergestellt. Eine Woche zuvor waren im Kaunertal drei Muren abgegangen,"Tyrolean glacier road will probably be passable again from Tuesday after a landslide. According to the mayor of Kaunertal, the power grid has been restored since Sunday afternoon. A week earlier, three mudslides occurred in the Kaunertal","Via Raetici glacialis verisimiliter iterum a die Martis post prolapsionem passibilis erit. Secundum maiorem Kaunertal, malesuada euismod potestas post meridiem dominica restituta est. Antea hebdomada tres turbae factae sunt in Kaunertal .",2026-07-14 11:16:58+00:00
f48d1ed77bf3eaf07af24d9891aae167,2026-07-17T04:58:55Z,'Gerölllawine',orf.at,de,0.9,Menschen bei Erdrutsch in Westchina verschüttet,,https://orf.at/stories/3436437/,https://orf.at/mojo/1_4_1/storyserver//news/common/images/og-fallback-news.png,http://web.archive.org/web/20260717083206/https://orf.at/stories/3436437/,"Mehrere Menschen sind im Westen Chinas bei einem Erdrutsch verschüttet worden. Wie der Katastrophenschutz mitteilte, kam es heute am Vormittag (Ortszeit) zu einem Bergsturz im Kreis Pengshui, östlich… [+691 chars]",,Menschen bei Erdrutsch in Westchina verschüttet. None,People buried in landslide in western China. None,Homines in Sinis occidentalibus prolapsi sepeliuntur. Nullus,2026-07-18 06:53:12+00:00
a7e60b04b123ef0fc81892853479e02e,2026-07-16T13:11:13Z,'Steinschlag',www.faz.net,de,0.9,Risiko im Hochgebirge: Wenn der Berg zu bröckeln beginnt,"„Zwei-, dreimal hat es ziemlich gerumpelt“: Die Temperaturen in diesem Sommer erhöhen beim Bergsteigen das Risiko von Steinschlag. Am Matterhorn raten die Bergführer derzeit von einer Besteigung ab.",https://www.faz.net/aktuell/gesellschaft/menschen/bergfuehrer-raten-von-besteigung-des-matterhorns-ab-accg-201036572.html,https://media0.faz.net/image/w1200h627/12ac0501cb8d/w3000h1567x0y272o/202507/43601.0.1161166232/beliebter-gipfel-das.webp,,Die hohen Temperaturen in den vergangenen Wochen haben auch Spuren im Hochgebirge hinterlassen. Die Bergführer in Zermatt im Schweizer Kanton Wallis raten derzeit von einer Besteigung des Matterhorns… [+4996 chars],,"Risiko im Hochgebirge: Wenn der Berg zu bröckeln beginnt. „Zwei-, dreimal hat es ziemlich gerumpelt“: Die Temperaturen in diesem Sommer erhöhen beim Bergsteigen das Risiko von Steinschlag. Am Matterhorn raten die Bergführer derzeit von einer Besteigung ab.",Risk in high mountains: When the mountain begins to crumble. “It rumbled quite a bit two or three times”: This summer’s temperatures increase the risk of falling rocks when climbing mountains. The mountain guides currently advise against climbing the Matterhorn.,"Pericula in montibus altis: Cum mons labare incipit. ""Satis bis terve commovit"": Temperatura haec aestatis periculum auget saxa cadendi cum montes ascendunt. Mons ducibus monet currently contra Matterhorn ascensum.",2026-07-18 20:36:52+00:00
22c4965aeb054c535d957d780e63c3c0,2026-07-16T15:39:29Z,'Steinschlag',www.derstandard.at,de,0.9,Wanderin in Salzburg von Felsblock tödlich verletzt,Die Frau wurde von einem Steinschlag getroffen und starb noch an der Unglücksstelle im Pongau,https://www.derstandard.at/story/3000000331816/wanderin-in-salzburg-von-felsblock-t246dlich-verletzt,https://i.ds.at/JIo7_A/rs:fill:1200:600/plain/lido-images/2026/06/24/cb983e2a-8670-4a0b-bcd1-22d3953c29fb.jpg,,"Sie entscheiden darüber, wie Sie unsere Inhalte nutzen wollen. Ihr Gerät erlaubt uns derzeit leider nicht, die entsprechenden Optionen anzuzeigen.
Bitte deaktivieren Sie sämtliche Hard- und Software… [+180 chars]",,Wanderin in Salzburg von Felsblock tödlich verletzt. Die Frau wurde von einem Steinschlag getroffen und starb noch an der Unglücksstelle im Pongau,Hiker fatally injured by boulder in Salzburg. The woman was hit by a rockfall and died at the scene of the accident in Pongau,Hiker saxum in Salzburg letaliter laesum. Mulier scopulo percussa et in casu accidentis in Pongau mortuus est,2026-07-18 20:36:52+00:00
2f4be29046695b31ccf5177d2e48aaa6,2026-07-17T18:49:27Z,'Erdrutsch',www.bild.de,de,0.9,Nach Starkregen in China - Gewaltiger Erdrutsch begräbt Wohnhäuser,"Starkregen löst in Chongqing im Südwesten Chinas einen gewaltigen Erdrutsch aus: Häuser werden verschüttet, Menschen gerettet, Tausende evakuiert.",https://www.bild.de/news/nach-starkregen-in-china-gewaltiger-erdrutsch-begraebt-wohnhaeuser-6a5a684861b8a80211aa9f8f,"https://images.bild.de/6a5a684861b8a80211aa9f8f/c06a6d7d1eb4d869149cbdcd80213be2,9ed25b49?w=1280",http://web.archive.org/web/20260718071319/https://www.bild.de/news/nach-starkregen-in-china-gewaltiger-erdrutsch-begraebt-wohnhaeuser-6a5a684861b8a80211aa9f8f,"Mehr zum Video anzeigen 
Starkregen löst in Chongqing im Südwesten Chinas einen gewaltigen Erdrutsch aus: Häuser werden verschüttet, Menschen gerettet, Tausende evakuiert. 
Quelle: AP, X@chematierr… [+39 chars]",,"Nach Starkregen in China - Gewaltiger Erdrutsch begräbt Wohnhäuser. Starkregen löst in Chongqing im Südwesten Chinas einen gewaltigen Erdrutsch aus: Häuser werden verschüttet, Menschen gerettet, Tausende evakuiert.","After heavy rain in China - massive landslide buries residential buildings. Heavy rain triggers a huge landslide in Chongqing in southwest China: houses are buried, people are rescued, thousands are evacuated.","Post pluvias graves in Sinis - magna ruina aedificia residentiales sepelit. Imbribus triggers ingens LAPSUS in Chongqing in meridiem Sinis: aedes sepeliuntur, homines eripiuntur, milia evacuantur.",2026-07-19 11:03:38+00:00
a8ca6be87d0c60434d4574c648e21262,2026-07-16T13:01:24Z,'Felsbrocken',www.bild.de,de,0.9,Schock für Familie - Felsbrocken schlägt in Wohnhaus ein,Im Landkreis Tübingen ist bei einem Unwetter ein Felsbrocken in ein Wohnhaus gekracht. Die Bewohner entgingen einer Katastrophe nur knapp.,https://www.bild.de/regional/baden-wuerttemberg/unwetter-in-deutschland-felsbrocken-schlaegt-in-wohnhaus-ein-6a58b31ddc7c0a2fc7a38ab2,"https://images.bild.de/6a58b31ddc7c0a2fc7a38ab2/865f83ca4d8595c2e55df264ddb9d581,c1ea19e3?w=1280",http://web.archive.org/web/20260716174225/https://www.bild.de/regional/baden-wuerttemberg/unwetter-in-deutschland-felsbrocken-schlaegt-in-wohnhaus-ein-6a58b31ddc7c0a2fc7a38ab2,"TTS-Player überspringenArtikel weiterlesenStarzach (Baden-Württemberg) Erst peitschten Starkregen und Gewitter über den Ort, dann ein gewaltiger Knall! In Starzach (Landkreis Tübingen) ist am Mittwoc… [+1614 chars]",,Schock für Familie - Felsbrocken schlägt in Wohnhaus ein. Im Landkreis Tübingen ist bei einem Unwetter ein Felsbrocken in ein Wohnhaus gekracht. Die Bewohner entgingen einer Katastrophe nur knapp.,Shock for family - boulder hits home. A boulder crashed into a residential building during a storm in the Tübingen district. The residents narrowly escaped catastrophe.,Offensus familiae - scopulus domum pervenit. Saxum in aedificationem residentialem in tempestate in regione Tubingen concrepuit. Incolae calamitatem anguste evaserunt.,2026-07-20 12:08:20+00:00
85a01019a13ada973156674ddb0fc29a,2026-07-16T14:29:00Z,'Felsbrocken',www.focus.de,de,0.9,Tonnenschwerer Felsblock kracht nach Unwetter in Hausdach,Ein riesiger Felsbrocken stürzt nach einem Unwetter durch das Dach eines Wohnhauses. Die Feuerwehr sichert das Gebäude – und hat ein Problem.,https://www.focus.de/panorama/welt/tonnenschwerer-felsblock-kracht-nach-unwetter-in-hausdach_828faa14-b0bd-44de-80e5-39adbfeed305.html,"https://quadro.burda-forward.de/ctf/604992bf-18e9-4bec-b345-31b4b8504657.4932799a-d615-49f9-ac51-91e1623339f3.jpeg?im=RegionOfInterestCrop=(1200,630),regionOfInterest=(1033,863)&hash=67d3410b4e7076c72ffd2037b72642e6cb2c1f403ba84db971dc6ad74bc65bcd",,"Nach einem kräftigen Unwetter in Starzach in Baden-Württemberg ist ein rund eine Tonne schwerer Felsblock auf ein Wohnhaus gestürzt. Der Felsbrocken löste sich von einem Hang, durchschlug das Dach un… [+1307 chars]",,Tonnenschwerer Felsblock kracht nach Unwetter in Hausdach. Ein riesiger Felsbrocken stürzt nach einem Unwetter durch das Dach eines Wohnhauses. Die Feuerwehr sichert das Gebäude – und hat ein Problem.,A boulder weighing tons crashes into the roof of a house after a storm. A huge boulder falls through the roof of a residential building after a storm. The fire department secures the building - and has a problem.,saxum pondo talentorum in tecto domus post tempestatem inruerit. Saxum ingens post tempestatem in tecto aedificium residentiale cadit. Ignis department adipiscatur aedificium - et quaestionem habet.,2026-07-20 12:08:20+00:00
fa263b57b9ce68c1dfa7682916fcefff,2026-07-16T16:05:40Z,'Felsbrocken',www.diepresse.com,de,0.9,Salzburg: Wanderin von Felsbrocken getötet,"Die Frau war mit einer Gruppe des Alpenvereins unterwegs, als sich eine Felsplatte löste und sie am Fuß traf. Sie starb noch an der Unfallstelle.",https://www.diepresse.com/37925482/salzburg-wanderin-von-felsbrocken-getoetet,https://img.diepresse.com/public/incoming/8s576d-kein-titel/alternates/WEBP_WIDE_1200/kein%20Titel,http://web.archive.org/web/20260717105823/https://www.diepresse.com/37925482/salzburg-wanderin-von-felsbrocken-getoetet,"Die Presse auf Google als bevorzugte Nachrichtenquelle hinzufügen.
 Im Talschluss des Großarltals bei Hüttschlag (Pongau) ist am Donnerstag eine 67-jährige Wanderin von einem Felsbrocken tödlich ver… [+671 chars]",,"Salzburg: Wanderin von Felsbrocken getötet. Die Frau war mit einer Gruppe des Alpenvereins unterwegs, als sich eine Felsplatte löste und sie am Fuß traf. Sie starb noch an der Unfallstelle.",Salzburg: Hiker killed by boulders. The woman was hiking with a group from the Alpine Club when a rock slab came loose and hit her on the foot. She died at the scene of the accident.,Salzburg: Hiker a saxi caesus. Mulier globum ex alpino Stipes hiking erat cum saxum solutum ac pedite percussit. Intervenit in casu.,2026-07-20 12:08:20+00:00
29bbc44cdcd26363e7980532e7481b5f,2026-07-17T15:22:33Z,'Gerölllawine',www.derstandard.at,de,0.9,Mindestens acht Tote bei Erdrutsch in Westchina,Eine Gerölllawine begrub mehr als zehn Wohnhäuser unter sich. 34 Personen werden noch vermisst,https://www.derstandard.at/story/3000000331968/mindestens-acht-tote-bei-erdrutsch-in-westchina,https://i.ds.at/dsm0YA/rs:fill:1200:600/plain/lido-images/2026/07/17/8ba2bf00-0422-49a0-8907-8b286cd0ceaf.jpg,,"Sie entscheiden darüber, wie Sie unsere Inhalte nutzen wollen. Ihr Gerät erlaubt uns derzeit leider nicht, die entsprechenden Optionen anzuzeigen.
Bitte deaktivieren Sie sämtliche Hard- und Software… [+180 chars]",,Mindestens acht Tote bei Erdrutsch in Westchina. Eine Gerölllawine begrub mehr als zehn Wohnhäuser unter sich. 34 Personen werden noch vermisst,At least eight dead in landslide in western China. A debris avalanche buried more than ten residential buildings. 34 people are still missing,Saltem octo mortui in LAPSUS in Sinis occidentalibus. Avalanche strages plus quam decem aedificia residentialia sepulta sunt. XXXIV homines adhuc defuit,2026-07-22 01:25:37+00:00
0f93da17751f13e17e7f48b322e777f0,2026-07-17T15:22:56Z,'Erdrutsch',orf.at,de,0.9,China meldet mindestens acht Tote nach Erdrutsch,,https://orf.at/stories/3436505/,https://orf.at/mojo/1_4_1/storyserver//news/common/images/og-fallback-news.png,http://web.archive.org/web/20260717204728/https://orf.at/stories/3436505/,"Mindestens acht Menschen sind im Westen Chinas bei einem Erdrutsch ums Leben gekommen. 34 weitere Personen würden noch vermisst, teilten die Behörden heute am späten Abend (Ortszeit) mit.
Wie der Ka… [+1418 chars]",,China meldet mindestens acht Tote nach Erdrutsch. None,China reports at least eight deaths after landslide. None,Sina refert saltem octo mortes post lapsum. Nullus,2026-07-22 01:25:37+00:00
1e3381e78406144ff4532035d265149f,2026-07-17T16:41:00Z,'Erdrutsch',www.diepresse.com,de,0.9,Mindestens acht Menschen sterben bei Erdrutsch in Westchina,"Bei einem Erdrutsch im Westen Chinas sind mindestens acht Menschen ums Leben gekommen. Mehr als zehn Wohnhäuser wurden verschüttet, 34 Menschen galten zunächst als vermisst.",https://www.diepresse.com/38234708/mindestens-acht-menschen-sterben-bei-erdrutsch-in-westchina,https://img.diepresse.com/public/incoming/tvdion-afpc2gm2emjpg/alternates/WEBP_WIDE_1200/AFP_C2GM2EM.jpg,,"Die Presse auf Google als bevorzugte Nachrichtenquelle hinzufügen.
 Mindestens acht Menschen sind im Westen Chinas bei einem Erdrutsch ums Leben gekommen. 34 weitere Personen würden noch vermisst, t… [+1819 chars]",,"Mindestens acht Menschen sterben bei Erdrutsch in Westchina. Bei einem Erdrutsch im Westen Chinas sind mindestens acht Menschen ums Leben gekommen. Mehr als zehn Wohnhäuser wurden verschüttet, 34 Menschen galten zunächst als vermisst.",At least eight people die in landslide in western China. At least eight people have died in a landslide in western China. More than ten houses were buried and 34 people were initially missing.,Saltem octo homines in LAPSA in Sinis occidentalibus moriuntur. Saltem octo homines in LAPSA in Sinis occidentalibus mortui sunt. Plus quam decem aedes sepeliebantur et 34 homines initio absentis erant.,2026-07-22 01:25:37+00:00
157240545132041095f5c85175972768,2026-07-18T03:38:31Z,'Erdrutsch',www.tagesschau.de,de,0.9,Tote und Verletzte nach Erdrutsch im Westen Chinas,"Bei einem Erdrutsch sind in China mindestens acht Menschen getötet worden. Mehr als zehn Häuser wurden verschüttet, Dutzende Personen werden noch vermisst. Das Unglück ereignete sich östlich der Millionenstadt Chongqing.",https://www.tagesschau.de/ausland/asien/china-erdrutsch-130.html,https://images.tagesschau.de/image/2b4cafb6-d91c-490e-aa48-73fbfb9e08fc/AAABn3NN3lg/AAABnSSvrFg/16x9-big/erdrutsch-china-108.jpg?width=1280,http://web.archive.org/web/20260718125440/https://www.tagesschau.de/ausland/asien/china-erdrutsch-130.html,"Stand: 18.07.2026 05:38 Uhr
Bei einem Erdrutsch sind in China mindestens acht Menschen getötet worden. Mehr als zehn Häuser wurden verschüttet, Dutzende Personen werden noch vermisst. Das Unglück er… [+1510 chars]",,"Tote und Verletzte nach Erdrutsch im Westen Chinas. Bei einem Erdrutsch sind in China mindestens acht Menschen getötet worden. Mehr als zehn Häuser wurden verschüttet, Dutzende Personen werden noch vermisst. Das Unglück ereignete sich östlich der Millionenstadt Chongqing.",Dead and injured after landslide in western China. At least eight people have been killed in a landslide in China. More than ten houses were buried and dozens of people are still missing. The accident occurred east of the megacity of Chongqing.,Mortuus et vulneratus post ruinam in Sinis occidentalibus. Saltem octo homines in lapsu Sinarum interfecti sunt. Plus quam decem domus sepultae sunt et adhuc justo hominum desunt. Accidit casus orientalem megacity Chongqing.,2026-07-22 01:25:37+00:00
ab2d1c2b93ab2fef9fa523fa24592cc2,2026-07-18T09:49:21Z,'Erdrutsch',www.faz.net,de,0.9,Nach starken Regenfällen: Vier Menschen sind durch einen Erdrutsch in Vietnam gestorben,Nach heftigen Regenfällen und einem Erdrutsch suchen Rettungskräfte im Nordwesten Vietnams nach Vermissten. Mindestens vier Menschen sind gestorben.,https://www.faz.net/aktuell/gesellschaft/ungluecke/erdrutsch-in-vietnam-vier-tote-nach-heftigen-regenfaellen-accg-201042821.html,https://media0.faz.net/image/w1200h627/b0dfe5bfa77b/w6000h3135x0y459o/202607/43601.0.2347436043/rettungskraefte-bergen.webp,http://web.archive.org/web/20260718115002/https://www.faz.net/aktuell/gesellschaft/ungluecke/erdrutsch-in-vietnam-vier-tote-nach-heftigen-regenfaellen-accg-201042821.html,Bei schweren Überschwemmungen und Erdrutschen infolge heftiger Regenfälle sind in Vietnam mindestens vier Menschen ums Leben gekommen. Rund 500 Rettungskräfte suchten nach Vermissten und brachten Bew… [+1118 chars],,Nach starken Regenfällen: Vier Menschen sind durch einen Erdrutsch in Vietnam gestorben. Nach heftigen Regenfällen und einem Erdrutsch suchen Rettungskräfte im Nordwesten Vietnams nach Vermissten. Mindestens vier Menschen sind gestorben.,After heavy rain: Four people died in a landslide in Vietnam. Rescue workers are searching for missing people in northwest Vietnam after heavy rain and a landslide. At least four people have died.,Post pluviam gravem: Quattuor homines mortui sunt in LAPPA in Vietnam. Eripe opifices quaerunt absentis homines in Vietnam chorum post pluvias graves et LAPSUS. Saltem quattuor homines mortui sunt.,2026-07-22 01:25:37+00:00
3a9d51606a3812d07d24343b20552243,2026-07-16T08:43:26Z,'Schlammlawine',www.bild.de,de,0.9,In Russen-Urlaubsparadies - Schlammlawine verwüstet ganze Siedlung,Das Urlaubsparadies im russischen Sotschi ist Opfer einer Schlammflut geworden. Für die Anwohner ein totaler Albtraum.,https://www.bild.de/news/ausland/in-russen-urlaubsparadies-schlammlawine-verwuestet-ganze-siedlung-6a588051fdddcf083cdf019e,"https://images.bild.de/6a588051fdddcf083cdf019e/b9c879e58735a97794eb8812948f03db,149227dd?w=1280",http://web.archive.org/web/20260717025603/https://www.bild.de/news/ausland/in-russen-urlaubsparadies-schlammlawine-verwuestet-ganze-siedlung-6a588051fdddcf083cdf019e,"Mehr zum Video anzeigen 
Das Urlaubsparadies im russischen Sotschi ist Opfer einer Schlammflut geworden. Für die Anwohner ein totaler Albtraum.
Quelle: AP16.07.2026 - 10:43 Uhr",,In Russen-Urlaubsparadies - Schlammlawine verwüstet ganze Siedlung. Das Urlaubsparadies im russischen Sotschi ist Opfer einer Schlammflut geworden. Für die Anwohner ein totaler Albtraum.,"In Russian holiday paradise - mudslide devastates entire settlement. The holiday paradise in Sochi, Russia, has fallen victim to a flood of mud. A total nightmare for the residents.","Feriae Russiae in paradiso - mudslide totam compositionem vastat. Feriae paradisus in Sochi, Russia, victima luto diluvio cecidit. Summa tantibus pro habitant.",2026-07-24 11:29:45+00:00
d1f434ae963f20b520ff587d475f4762,2026-07-21T03:30:00Z,'Massenbewegung',www.nzz.ch,de,0.9,Sie beten mit den Füssen: In Frankreich ist eine konservative Wallfahrt zur Massenbewegung geworden,"Frankreichs katholische Kirche schrumpft. Doch ausgerechnet ihr konservativster Flügel zieht immer mehr junge Menschen an. Bei der Wallfahrt von Paris nach Chartres waren dieses Jahr 20 000 Pilger unterwegs, so viele wie noch nie. Was treibt sie an?",https://www.nzz.ch/international/tausende-junge-katholiken-am-pilgern-die-rueckkehr-der-alten-messe-in-frankreich-ld.10013274,"https://img-msp-prod.nzz.ch/2026/07/06/2d271531-3038-4176-bf26-4bb2d3afc0cd.jpg?width=1200&height=675&fit=bounds&quality=75&auto=webp&crop=6899,3881,x0,y717&wmark=nzz",,"Einmal im Jahr bewegt sich ein kilometerlanger Pilgerzug durch die weite Ebene der Beauce, der Kornkammer Frankreichs, südwestlich von Paris. Junge Männer und Frauen mit schweren Rucksäcken und Stroh… [+15298 chars]",,"Sie beten mit den Füssen: In Frankreich ist eine konservative Wallfahrt zur Massenbewegung geworden. Frankreichs katholische Kirche schrumpft. Doch ausgerechnet ihr konservativster Flügel zieht immer mehr junge Menschen an. Bei der Wallfahrt von Paris nach Chartres waren dieses Jahr 20 000 Pilger unterwegs, so viele wie noch nie. Was treibt sie an?","They pray with their feet: In France, a conservative pilgrimage has become a mass movement. France's Catholic Church is shrinking. But it is precisely their most conservative wing that is attracting more and more young people. This year, 20,000 pilgrims took part in the pilgrimage from Paris to Chartres, more than ever before. What drives them?","Pedes orant: In Gallia, peregrinatio conservativa ingens motus factus est. Catholica Gallia recusat. Est autem ipsa ala optimatium earum magis ac magis iuvenes allicientis. Hoc anno, plus quam umquam ante, viginti milia peregrinorum e Parisiensi Carnoto interfuerunt. Quid illos fugat?",2026-07-28 16:28:01+00:00
e626f39a9e3f4ab9d64d9b9db066b00d,2026-07-28T15:10:10Z,'Felsbrocken',www.zeit.de,de,0.9,Notfälle: Erdrutsch in China - Behörden bestätigen weitere 30 Tote,Hier finden Sie Informationen zu dem Thema „Notfälle“. Lesen Sie jetzt „Erdrutsch in China - Behörden bestätigen weitere 30 Tote“.,https://www.zeit.de/news/2026-07/28/erdrutsch-in-china-behoerden-bestaetigen-weitere-30-tote,https://img.zeit.de/news/2026-07/28/erdrutsch-in-china-behoerden-bestaetigen-weitere-30-tote-image-group/wide__1300x731,http://web.archive.org/web/20260728173615/https://www.zeit.de/news/2026-07/28/erdrutsch-in-china-behoerden-bestaetigen-weitere-30-tote,"Nach dem tödlichen Erdrutsch nahe der südwestchinesischen Metropole Chongqing haben die Behörden 30 weitere Todesopfer bestätigt. Diese seien per DNA-Test identifiziert worden, teilten die Helfer im … [+1472 chars]",,Notfälle: Erdrutsch in China - Behörden bestätigen weitere 30 Tote. Hier finden Sie Informationen zu dem Thema „Notfälle“. Lesen Sie jetzt „Erdrutsch in China - Behörden bestätigen weitere 30 Tote“.,Emergencies: Landslide in China - authorities confirm another 30 dead. Here you will find information on the topic of “emergencies”. Now read “Landslide in China – Authorities confirm another 30 dead”.,"Subitis: Landslide in Sinis - auctoritates aliud 30 mortuum confirmant. Hic informationes invenies in argumento ""evolutionis"". Nunc lege ""Landslide in Sinis - Auctoritates alium 30 mortuum confirmant"".",2026-07-30 07:26:41+00:00
ae2d41d80bdad26aa2d56f825b227970,2026-07-28T15:11:13Z,'Felsbrocken',www.tagesspiegel.de,de,0.9,Notfälle: Erdrutsch in China - Behörden bestätigen weitere 30 Tote,Mehr als zehn Tage ist der tödliche Bergsturz im Südwesten Chinas her. Die Suchtrupps finden weitere Opfer. Ein jüngster Fund könnte mit dem sprunghaften Anstieg der Opfer in Zusammenhang stehen.,https://www.tagesspiegel.de/gesellschaft/panorama/notfalle-erdrutsch-in-china-behorden-bestatigen-weitere-30-tote-15890812.html,https://www.tagesspiegel.de/images/15890811/alternates/BASE_16_9_W1400/1785251473000/erdrutsch-in-china.jpeg,,"Nach dem tödlichen Erdrutsch nahe der südwestchinesischen Metropole Chongqing haben die Behörden 30 weitere Todesopfer bestätigt. Diese seien per DNA-Test identifiziert worden, teilten die Helfer im … [+1528 chars]",,Notfälle: Erdrutsch in China - Behörden bestätigen weitere 30 Tote. Mehr als zehn Tage ist der tödliche Bergsturz im Südwesten Chinas her. Die Suchtrupps finden weitere Opfer. Ein jüngster Fund könnte mit dem sprunghaften Anstieg der Opfer in Zusammenhang stehen.,Emergencies: Landslide in China - authorities confirm another 30 dead. It has been more than ten days since the deadly landslide in southwest China. The search parties find more victims. A recent discovery may be linked to the surge in victims.,Subitis: Landslide in Sinis - auctoritates aliud 30 mortuum confirmant. Plus decem dies fuit ex quo funestus in Sinis inter meridiem lapsus est. Partes inquisitionis plures victimas inveniunt. Inventio recens in victimis cum salo coniungi potuit.,2026-07-30 07:26:41+00:00
5d4dcea202dc5ed4ce3fc88e7d347078,2026-07-22T07:34:54Z,'Starkregen Hang',www.tagesspiegel.de,de,0.8,Untersuchung zu Riedlingen: Hangrutsch nach Starkregen löste tödliches Zugunglück aus,"Drei Menschen sterben und Dutzende werden verletzt, als im vergangenen Sommer ein Regionalzug in Oberschwaben entgleist. Nun gibt es einen offiziellen Untersuchungsbericht. Was steht drin?",https://www.tagesspiegel.de/gesellschaft/panorama/untersuchung-zu-riedlingen-hangrutsch-nach-starkregen-loste-todliches-zugungluck-aus-15864590.html,https://www.tagesspiegel.de/images/15864723/alternates/BASE_16_9_W1400/1784708799000/zugungluck-in-oberschwaben.jpeg,,"Knapp ein Jahr nach dem Zugunglück von Riedlingen mit drei Toten und zahlreichen Verletzten ist die Ursache geklärt. Der Unfall sei durch einen Hangrutsch infolge von Starkregen ausgelöst worden, hei… [+3572 chars]",,"Untersuchung zu Riedlingen: Hangrutsch nach Starkregen löste tödliches Zugunglück aus. Drei Menschen sterben und Dutzende werden verletzt, als im vergangenen Sommer ein Regionalzug in Oberschwaben entgleist. Nun gibt es einen offiziellen Untersuchungsbericht. Was steht drin?",Investigation into Riedlingen: Landslide after heavy rain caused fatal train accident. Three people died and dozens were injured when a regional train derailed in Upper Swabia last summer. Now there is an official investigation report. What's inside?,Investigatio in Riedlingen: Landslide post pluvias graves casus tramen funestum effecit. Tres homines mortui sunt et justo laesi sunt cum tramen regionale in Suevia superiore aestate derailed. Nunc est relatio inquisitionis officialis. Quid intus?,2026-07-31 07:44:40+00:00
a420a51219c5e5183a3c47b766e26e33,2026-07-22T08:24:36Z,'Starkregen Hang',www.zeit.de,de,0.8,Untersuchung zu Riedlingen: Hangrutsch nach Starkregen löste tödliches Zugunglück aus,Hier finden Sie Informationen zu dem Thema „Untersuchung zu Riedlingen“. Lesen Sie jetzt „Hangrutsch nach Starkregen löste tödliches Zugunglück aus“.,https://www.zeit.de/news/2026-07/22/hangrutsch-nach-starkregen-loeste-toedliches-zugunglueck-aus,https://img.zeit.de/news/2026-07/22/hangrutsch-nach-starkregen-loeste-toedliches-zugunglueck-aus-image-group/wide__1300x731,http://web.archive.org/web/20260723041000/https://www.zeit.de/news/2026-07/22/hangrutsch-nach-starkregen-loeste-toedliches-zugunglueck-aus,"Knapp ein Jahr nach dem Zugunglück von Riedlingen mit drei Toten und zahlreichen Verletzten ist die Ursache geklärt. Der Unfall sei durch einen Hangrutsch infolge von Starkregen ausgelöst worden, hei… [+3520 chars]",,Untersuchung zu Riedlingen: Hangrutsch nach Starkregen löste tödliches Zugunglück aus. Hier finden Sie Informationen zu dem Thema „Untersuchung zu Riedlingen“. Lesen Sie jetzt „Hangrutsch nach Starkregen löste tödliches Zugunglück aus“.,Investigation into Riedlingen: Landslide after heavy rain caused fatal train accident. Here you will find information on the topic “Investigation into Riedlingen”. Now read “Landslide after heavy rain caused fatal train accident”.,"Investigatio in Riedlingen: Landslide post pluvias graves casus tramen funestum effecit. Hic informationes invenies de argumento ""Investigationis in Riedlingen"". Nunc legitur ""LAPSUS post pluvias graves casus exitiale fecit"".",2026-07-31 07:44:40+00:00
daed24b0503767249a2c02c66617b365,2026-07-22T09:03:07Z,'Starkregen Hang',www.zeit.de,de,0.8,Zugunglück bei Riedlingen: Hangrutsch nach Starkregen löste tödliches Zugunglück aus,Rund ein Jahr nach dem Zugunglück von Riedlingen mit drei Toten haben Ermittler die Ursache bestätigt worden. Der Unfall wurde demnach von einem Hangrutsch ausgelöst.,https://www.zeit.de/gesellschaft/zeitgeschehen/2026-07/zugunglueck-riedlingen-baden-wuerttemberg-hangrutsch-ursache,https://img.zeit.de/gesellschaft/zeitgeschehen/2026-07/zugunglueck-riedlingen-baden-wuerttemberg-hangrutsch-ursache-foto-1/wide__1300x731,,Der Unfall von Riedlingen im vergangenen Jahr ist durch einen Hangrutsch infolge von Starkregen ausgelöst worden. Das teilte die Bundesstelle für Eisenbahnunfalluntersuchung in Bonn in einem Bericht … [+1457 chars],,Zugunglück bei Riedlingen: Hangrutsch nach Starkregen löste tödliches Zugunglück aus. Rund ein Jahr nach dem Zugunglück von Riedlingen mit drei Toten haben Ermittler die Ursache bestätigt worden. Der Unfall wurde demnach von einem Hangrutsch ausgelöst.,"Train accident near Riedlingen: Landslide after heavy rain caused fatal train accident. Around a year after the Riedlingen train accident with three deaths, investigators have confirmed the cause. The accident was therefore caused by a landslide.",Traininum casus prope Riedlingen: Landslide cum pluvia gravi casus tramen funestum effecit. Circa annum postquam Riedlingen traminis casus cum tribus mortibus inquisitores causam confirmaverunt. Accidens igitur ex lapsu causatus est.,2026-07-31 07:44:40+00:00
22e5b3a36a029c6dd755138b50676b50,2026-07-31T02:36:39Z,'Erdrutsch',www.sueddeutsche.de,de,0.9,Naturkatastrophe: Zahl der Toten nach Erdrutsch in China steigt auf 51,Starke Regenfälle haben im Südwesten Chinas einen schweren Erdrutsch ausgelöst. Das Ausmaß der Katastrophe wird erst nach und nach sichtbar - und die Bilder vom Unglücksort sind erschreckend.,https://www.sueddeutsche.de/panorama/china-erdrutsch-chongqing-zahl-toten-li.3524392,https://www.sueddeutsche.de/2026/07/28/ba035856-02a5-47dd-b99a-7a2f95e7b5dc.jpg?q=60&fm=webp&width=1200&rect=0%2C107%2C2048%2C1152,http://web.archive.org/web/20260731073036/https://www.sueddeutsche.de/panorama/china-erdrutsch-chongqing-zahl-toten-li.3524392,"Das Unglück hatte sich am 17. Juli im Kreis Pengshui ereignet, der zum Verwaltungsgebiet von Chongqing gehört. Nach starken Regenfällen lösten sich große Mengen Erde und gigantische Gesteinsbrocken v… [+705 chars]",,Naturkatastrophe: Zahl der Toten nach Erdrutsch in China steigt auf 51. Starke Regenfälle haben im Südwesten Chinas einen schweren Erdrutsch ausgelöst. Das Ausmaß der Katastrophe wird erst nach und nach sichtbar - und die Bilder vom Unglücksort sind erschreckend.,Natural disaster: Number of deaths after landslide in China rises to 51. Heavy rains have triggered a serious landslide in southwest China. The extent of the disaster only gradually becomes visible - and the images from the scene of the accident are frightening.,Calamitas naturalis: Numerus funerum post ruinam in Sinis oritur 51. Imbres graves in Sinis meridiem occidentem urguebant. Magnitudo calamitatis paulatim tantum apparet — et imagines e scaena accidentis terrent.,2026-08-02 20:42:22+00:00
2c07938ca1db67d7fcb766aef6880115,2026-07-15T08:32:12Z,'Steinschlag',kaernten.orf.at,de,0.9,Nächtliche Sperren am Plöckenpass,"Wegen Bauarbeiten auf der italienischen Staatsstraße SS52 kommt es am Plöckenpass in den kommenden Tagen zu nächtlichen Straßensperren und weiteren Verkehrsbeschränkungen. Wie die italienische Straßenbaugesellschaft ANAS mitteilt, wird eine Steinschlagschutzg…",https://kaernten.orf.at/stories/3362773/,https://ibs.orf.at/ktn?image=https%3A%2F%2Foekastatic.orf.at%2Fmims%2F2026%2F21%2F18%2Fcrops%2Fw%3D1200%2Ch%3D627%2Cq%3D75%2F3047041_master_1179218_kh_ploeckenpass-oeffnung_00_00_41_07.jpg%3Fs%3D7fe160c99cf3d84317ea8857836302b06aa4a6d6,http://web.archive.org/web/20260716053632/https://kaernten.orf.at/stories/3362773/,"Auf italienischer Seite ist die Strecke zwischen den Kilometern 28,03 und 32,65 im Gemeindegebiet von Paluzza (Provinz Udine) von den Arbeiten betroffen. Die Straße ist in den Nächten von Donnerstag … [+910 chars]",,"Nächtliche Sperren am Plöckenpass. Wegen Bauarbeiten auf der italienischen Staatsstraße SS52 kommt es am Plöckenpass in den kommenden Tagen zu nächtlichen Straßensperren und weiteren Verkehrsbeschränkungen. Wie die italienische Straßenbaugesellschaft ANAS mitteilt, wird eine Steinschlagschutzg…","Night closures on the Plöckenpass. Due to construction work on the Italian state road SS52, there will be night-time road closures and further traffic restrictions at the Plöcken Pass in the coming days. As the Italian road construction company ANAS reports, a rockfall protection...","Compages noctis in Plöckenpass. Ob operis constructionem in via SS52 publica Italiae, viarum clausurarum et nocturnorum temporis erit restrictiones apud Plöcken Transi in diebus adventus. Sicut societas constructionis via Italica Anas tradit, praesidium rupicum...",2026-08-03 08:19:43+00:00
8f1cdc6bcb21ea065d54dbb7cf4622bd,2026-07-21T06:53:05Z,'Felssturz',kaernten.orf.at,de,0.9,Verkehrsbeschränkungen auf Plöckepass,"Die italienischen Behörden haben am Dienstag mitgeteilt, dass es aufgrund von Bauarbeiten im Felssturz-Bereich auf italienischer Seite des Plöckenpasses wieder zu Verkehrsbeschränkungen kommt.",https://kaernten.orf.at/stories/3363542/,https://ibs.orf.at/ktn?image=https%3A%2F%2Foekastatic.orf.at%2Fmims%2F2026%2F21%2F18%2Fcrops%2Fw%3D1200%2Ch%3D627%2Cq%3D75%2F3047041_master_1179218_kh_ploeckenpass-oeffnung_00_00_41_07.jpg%3Fs%3D7fe160c99cf3d84317ea8857836302b06aa4a6d6,http://web.archive.org/web/20260722045456/https://kaernten.orf.at/stories/3363542/,"Von 21.7.2026 bis 25.7.2026 gelten Nachtsperren jeweils von 21.00 bis 6.30 Uhr.
Bis zum 7.8.2026 gibt es eine Einbahnregelung mit Ampel und es gilt ein Fahrverbot für KFZ über 3,8 Metern Höhe sowie … [+50 chars]",,"Verkehrsbeschränkungen auf Plöckepass. Die italienischen Behörden haben am Dienstag mitgeteilt, dass es aufgrund von Bauarbeiten im Felssturz-Bereich auf italienischer Seite des Plöckenpasses wieder zu Verkehrsbeschränkungen kommt.",Traffic restrictions on Plöckepass. The Italian authorities announced on Tuesday that there would be traffic restrictions again due to construction work in the rockfall area on the Italian side of the Plöcken Pass.,Praescriptiones negotiationis in Plöckepass. Auctores Italici die Martis denuntiaverunt restrictiones mercaturae iterum futuras esse propter constructionem operis in area saxosa in parte Italiae Plöcken Pass.,2026-08-03 08:19:43+00:00
553b262ef5bbb673137ef1ec92752f48,2026-07-31T09:24:08Z,'Felssturz',ooe.orf.at,de,0.9,Drei Jahre nach Felssturz: Erneut Sprengungen,"Knapp dreieinhalb Jahre nach der Hangrutschung im Steyrer Stadtteil Unterhimmel müssen ab 11. August zwei Felsnasen durch mehrere Sprengungen abgetragen werden, teilte die Stadt am Freitag mit. In einem Zeitraum von zehn Wochen werden ab August nach und nach …",https://ooe.orf.at/stories/3365029/,https://ibs.orf.at/ooe?image=https%3A%2F%2Foekastatic.orf.at%2Fmims%2F2023%2F06%2F93%2Fcrops%2Fw%3D1200%2Ch%3D627%2Cq%3D75%2F1669945_master_614793_foke_58031.jpg%3Fs%3D582fbfbc58714b2d8a61d380ce911fb1f90aded0,http://web.archive.org/web/20260731114517/https://ooe.orf.at/stories/3365029/,Im Februar 2023 waren im Zuge von Sicherungsarbeiten zwei Arbeiter zu Tode gekommen. Der Prozess am Landesgericht Steyr gegen den Seniorchef des damals beauftragten Sprengunternehmens sowie gegen ein… [+1083 chars],,"Drei Jahre nach Felssturz: Erneut Sprengungen. Knapp dreieinhalb Jahre nach der Hangrutschung im Steyrer Stadtteil Unterhimmel müssen ab 11. August zwei Felsnasen durch mehrere Sprengungen abgetragen werden, teilte die Stadt am Freitag mit. In einem Zeitraum von zehn Wochen werden ab August nach und nach …","Three years after rockfall: blasting again. Almost three and a half years after the landslide in Steyr's Unterhimmel district, two rock outcrops will have to be removed by several blasts from August 11th, the city announced on Friday. Over a period of ten weeks starting in August...","Triennio post rockfall: rubigine iterum. Fere tribus et dimidio annis postquam in regione Steyr's Unterhimmel prolapsi sunt, duae molae petrae a pluribus flaminibus ab 11 Augusti removendae erunt, urbs Veneris die nuntiata est. Plus decem hebdomades incipiendo Augusto...",2026-08-03 08:19:43+00:00
48dbcbe263746b8108093f4c93784bbf,2026-07-28T10:46:15Z,'Steinschlag',www.nzz.ch,de,0.9,Vor einem Jahr starb Laura Dahlmeier am Laila Peak. María Martín hatte sie kurz davor getroffen und vor der Steinschlaggefahr gewarnt,"«Das hätte auch ich sein können», dachte Martín, als sie von Dahlmeiers Tod hörte. Doch im Gegensatz zu ihr hatte sie sich gegen den Aufstieg entschieden.",https://www.nzz.ch/sport/alpinismus/vor-einem-jahr-starb-laura-dahlmeier-am-laila-peak-maria-martin-traf-sie-kurz-davor-und-warnte-vor-der-steinschlaggefahr-ld.10017257,"https://img-msp-prod.nzz.ch/2026/07/28/285c82e5-3eee-4ebc-9b1a-7944bacefd22.jpg?width=1200&height=675&fit=bounds&quality=75&auto=webp&crop=6000,3375,x0,y0&wmark=nzz",,"«Das hätte auch ich sein können», dachte Martín, als sie von Dahlmeiers Tod hörte. Doch im Gegensatz zu ihr hatte sie sich gegen den Aufstieg entschieden.
Stephanie Geiger28.07.2026, 12.46 Uhr
Zusa… [+9710 chars]",,"Vor einem Jahr starb Laura Dahlmeier am Laila Peak. María Martín hatte sie kurz davor getroffen und vor der Steinschlaggefahr gewarnt. «Das hätte auch ich sein können», dachte Martín, als sie von Dahlmeiers Tod hörte. Doch im Gegensatz zu ihr hatte sie sich gegen den Aufstieg entschieden.","Laura Dahlmeier died at Laila Peak a year ago. María Martín had met them shortly before and warned them about the danger of falling rocks. “That could have been me,” thought Martín when she heard about Dahlmeier’s death. But unlike her, she had decided against promotion.","Laura Dahlmeier Laila Peak ante annum mortuus est. His paulo ante occurrerat Maria Martin monuitque de periculo saxa cadendi. ""Ille me esse potuit"" putavit Martin cum de morte Dahlmeier audivit. Sed dissimilem illam contra promotionem statuerat.",2026-08-10 15:48:31+00:00
