,phrase,label,sentiment,subjectivity,language,count
Nepal,,,,,,
Südtirol,,,,,,
Sizilien,,,,,,
Erdrutsch,,,,,,
Niscemi,,,,,,
Neuseeland,,,,,,
Indonesien,,,,,,
Italien,,,,,,
Himalaya,,,,,,
China,,,,,,
Tibet,,,,,,
Mount Maunganui,,,,,,
Stadt,,,,,,
Alpen,,,,,,
Ortlergebirge,,,,,,
Chinas,,,,,,
Bayern,,,,,,
Guinea,,,,,,
Erde,,,,,,
Demokratischen Republik Kongo,,,,,,
Vietnam,,,,,,
Lawinenunglück,,,,,,
Brasiliens,,,,,,
Petacciato,,,,,,
Molise,,,,,,
Stadt Niscemi,,,,,,
…,,,,,,
Coltan-Mine,,,,,,
Himalaya-Gebirge,,,,,,
Philippinen,,,,,,
Ibiza,,,,,,
Schlammlawine,,,,,,
Indien,,,,,,
Bundesstraße 42,,,,,,
Oberstdorf,,,,,,
Alaska,,,,,,
Mittelmeerinsel,,,,,,
Ortler-Gebirge,,,,,,
Lawinenabgang,,,,,,
Kongo,,,,,,
Schweiz,,,,,,
Rubihorn,,,,,,
Abgrund,,,,,,
Siziliens,,,,,,
nan,,,,,,
Indonesiens,,,,,,
Längenfeld,,,,,,
Felssturz,,,,,,
Nepals,,,,,,
Ri,,,,,,
Guineas,,,,,,
Zentralafrikanischen Republik,,,,,,
Notstand,,,,,,
Chongqing,,,,,,
B 42,,,,,,
Brasilien,,,,,,
Landes,,,,,,
St. Goarshausen,,,,,,
Kaub,,,,,,
Java,,,,,,
Felssturz am Rubihorn,,,,,,
Behördenangaben,,,,,,
Starkregen,,,,,,
USA,,,,,,
Müllkippe,,,,,,
Plöckenpass,,,,,,
Weißbach,,,,,,
Müllbergs,,,,,,
Ostkongo,,,,,,
Goldmine,,,,,,
Wohnhaus,,,,,,
Loreley,,,,,,
Indiens,,,,,,
Niscemi auf Sizilien,,,,,,
“,,,,,,
bergen,,,,,,
Bozen,,,,,,
Deutschland,,,,,,
Bergen,,,,,,
Kärnten,,,,,,
Innerkrems,,,,,,
Lofer,,,,,,
Steinschlag,,,,,,
B20,,,,,,
Sturzflut,,,,,,
Lampertheim,,,,,,
Oslo,,,,,,
Conakry,,,,,,
Coesfeld,,,,,,
Rhein-Main-Liveblog,,,,,,
Kaunertal,,,,,,
Caltrans,,,,,,
Mount Maunganui/Auckland,,,,,,
Rekordregen,,,,,,
Kalifornien,,,,,,
Himalaja,,,,,,
Urlaubsinsel,,,,,,
Hangrutsch,,,,,,
Straße,,,,,,
Bergwacht,,,,,,
Sulden,,,,,,
Salzburg,,,,,,
Lawinen-Drama,,,,,,
Osttirol,,,,,,
Erdmassen,,,,,,
Türkei,,,,,,
e…,,,,,,
Rhätischen Bahn,,,,,,
Bewohner,,,,,,
Westchina,,,,,,
Minenunglück in Afrika,,,,,,
München,,,,,,
Adriaküste,,,,,,
Pazifikstaat,,,,,,
Neuseelands,,,,,,
Hitze,,,,,,
Mexiko,,,,,,
Malta,,,,,,
Süditalien,,,,,,
Toilettenblock,,,,,,
Pongau,,,,,,
Afghanistan,,,,,,
Los Angeles,,,,,,
Unterhimmel,,,,,,
Myanmar,,,,,,
Schlammmassen,,,,,,
Steyrer,,,,,,
Rhein-Main,,,,,,
Karwendelgebirge,,,,,,
Chippis,,,,,,
Toten,,,,,,
Maltatal,,,,,,
Stadt Masisi,,,,,,
Laos,,,,,,
Pinzgau,,,,,,
Bagger,,,,,,
Hotel-Evakuierung,,,,,,
Italiener,,,,,,
Mount Everest,,,,,,
Tirol,,,,,,
Lawine,,,,,,
Notfälle,,,,,,
Krankenhäusern,,,,,,
Nackenheim,,,,,,
Leichensäcke,,,,,,
Dauerregen,,,,,,
Kena,,,,,,
Kenia,,,,,,
B110,,,,,,
Plöckenpass-Straße,,,,,,
Rift Valley,,,,,,
Freistaat,,,,,,
Eiffelturm,,,,,,
untersch…,,,,,,
Blessem,,,,,,
Frankreichs,,,,,,
Baden-Württemberg,,,,,,
Paris,,,,,,
Ausnahmezustand,,,,,,
Norditalien,,,,,,
Mega-Tsunami,,,,,,
Landkreis Tübingen,,,,,,
Starzach,,,,,,
Sotschi,,,,,,
Evakuierungen,,,,,,
Unglücksstelle,,,,,,
TTS-Player,,,,,,
entland,,,,,,
Bezirk Melk,,,,,,
Vietnam Felsbrocken,,,,,,
US-Bundesstaat Kalifornien,,,,,,
Stunden,,,,,,
Coltanmine,,,,,,
Felsbrocken,,,,,,
Schönbühel-Aggsbach,,,,,,
Hubei,,,,,,
Zentralvietnam,,,,,,
Rettungskräfte,,,,,,
Taiwan,,,,,,
Landesgericht Steyr,,,,,,
Kreis Pengshui,,,,,,
B33,,,,,,
Kongos,,,,,,
Goldsuchern,,,,,,
Sulz am Neckar,,,,,,
Tschechien,,,,,,
Nordinsel,,,,,,
3D.,,,,,,
Erdrutsch-Gefahr,,,,,,
Friaul-Julisch Venetien,,,,,,
Oberdrauburg,,,,,,
Gebirgsregion,,,,,,
Lackoberfläche,,,,,,
Bergell,,,,,,
Brienz,,,,,,
Sicherheitsgründen,,,,,,
Laila Peak,,,,,,
Alaskas,,,,,,
Landkreis Heilbronn,,,,,,
russischen Republik Dagestan,,,,,,
Vogelkot,,,,,,
Steinschläge,,,,,,
Regenfälle,,,,,,
Kamerun,,,,,,
Waschstraßen,,,,,,
Kapuzinerberg,,,,,,
Loreleyfelsen,,,,,,
Spanien,,,,,,
Pontresina,,,,,,
Klostertal,,,,,,
Saalfelden,,,,,,
der Schweiz,,,,,,
Nordindien,,,,,,
Weißenburg,,,,,,
Darjeeling,,,,,,
Bergsturz,,,,,,
Forstau,,,,,,
Kanton Wallis,,,,,,
Kathmandu,,,,,,
Provinz…,,,,,,
Piz Cengalo,,,,,,
Masisi,,,,,,
Russland,,,,,,
Laptops,,,,,,
Handys,,,,,,
Häuser am Abgrund,,,,,,
Giftmord-Fall,,,,,,
Nepals Grenze,,,,,,
Sisikon,,,,,,
Hochgebirge,,,,,,
Donnerstagnachmittag,,,,,,
Graubünden,,,,,,
Bezirk Gmunden,,,,,,
Flüelen,,,,,,
Langener,,,,,,
Allgäuer Alpen,,,,,,
Bondo,,,,,,
Mariazellerstraße,,,,,,
Fels,,,,,,
Tiefe,,,,,,
Fulda,,,,,,
Riedlingen,,,,,,
Rolwalingtal,,,,,,
Zweier-Gruppe,,,,,,
Trentino,,,,,,
Lawinen,,,,,,
Bobojach,,,,,,
Bayerns Alpen,,,,,,
Vertainspitze,,,,,,
Neptun,,,,,,
Russlands,,,,,,
Schwaben,,,,,,
Österreich,,,,,,
Ortler-Alpen,,,,,,
Vertai…,,,,,,
Methan,,,,,,
Nevado del Ruiz,,,,,,
Armero,,,,,,
Unfälle,,,,,,
Wochenanfang,,,,,,
Verkehrsbehinderungen,,,,,,
Fährausfälle,,,,,,
Hamburg,,,,,,
Großen Schmiedinger,,,,,,
Iran,,,,,,
Ungarn,,,,,,
Wassermassen,,,,,,
Sonnensystems,,,,,,
Florida,,,,,,
Teheran,,,,,,
US-Regierung,,,,,,
Teutoburger Wald,,,,,,
Brandenburger Wald,,,,,,
Aschaffenburg,,,,,,
Sandstein-Felsformation,,,,,,
Disney World,,,,,,
Pakistan,,,,,,
Neckar,,,,,,
Mars,,,,,,
Venus,,,,,,
Istanbul,,,,,,
Bosporus,,,,,,
Belarus,,,,,,
Sacharow-Preisträger Poczobut,,,,,,
Stampa,,,,,,
Merkur,,,,,,
Barrikaden,,,,,,
SZ,,,,,,
Berchtesgaden,,,,,,
Ottilia,,,,,,
Bilster Berg,,,,,,
Diego,,,,,,
Alberto,,,,,,
Wintersaison,,,,,,
Gemeinde,,,,,,
italienische Regierung,,,,,,
Kärntner,,,,,,
Kärntner Unternehmens,,,,,,
Mont-Blanc-Massiv,,,,,,
Petacci…,,,,,,
Europas,,,,,,
Herbst,,,,,,
den USA,,,,,,
Jahren,,,,,,
Steyr,,,,,,
Monsterwelle,,,,,,
Wartezeiten,,,,,,
Weckruf,,,,,,
Kreuzfahrtschiffen,,,,,,
U.S.,,,,,,
Katastrophe,,,,,,
Flutwelle,,,,,,
Alpenländer,,,,,,
Dornbirn,,,,,,
Rappenloch,,,,,,
Staufensees,,,,,,
Gefahr,,,,,,
Tauernradweg-Sperre,,,,,,
Stadt Dornbirn,,,,,,
Hang f…,,,,,,
Staufensee,,,,,,
Hangzhou,,,,,,
Befreiung,,,,,,
Elementarschutz,,,,,,
Gewaltiger Erdrutsch,,,,,,
Naturdrama,,,,,,
Höhle in Laos,,,,,,
Süd-Alaska,,,,,,
"Laos
",,,,,,
weitverzweigte Höhle,,,,,,
Budapest,,,,,,
Xaysomboun,,,,,,
Zentral-Laos,,,,,,
Touristen-Hotspot,,,,,,
Teilrepublik Dagestan,,,,,,
Bah…,,,,,,
Hallstatt,,,,,,
Salzbergs,,,,,,
Biarritz,,,,,,
Gestein,,,,,,
Land Salzburg,,,,,,
Leichen bergen,,,,,,
Flutkatastrophe,,,,,,
Inder,,,,,,
Gebiet,,,,,,
Wörezer,,,,,,
Annatobel,,,,,,
Naturgefahren,,,,,,
Streckenschutz am Arlberg,,,,,,
Vermissten,,,,,,
Westafrika,,,,,,
Toskana,,,,,,
Norditaliens,,,,,,
Bergamo,,,,,,
Zentralafrika,,,,,,
Bundesstraße neu,,,,,,
Kolumbiens,,,,,,
Dienstag…,,,,,,
Minenunglück in Zentralafrika,,,,,,
Schallmooser Hauptstraße,,,,,,
Franziskischlössl,,,,,,
Weimar,,,,,,
Mont Blanc,,,,,,
Shanghai wu…,,,,,,
Pudong,,,,,,
Hongqiao,,,,,,
Taifun,,,,,,
Ortsweiler Au,,,,,,
Touristen.</li><li,,,,,,
Social-Media-Sucht bei Kindern,,,,,,
Hohen Wand,,,,,,
Stampflkees,,,,,,
Sachsen-Anhalt,,,,,,
Darmstadt,,,,,,
Langener Waldsee,,,,,,
Baden,,,,,,
Maintal,,,,,,
Kanton Graubünden …,,,,,,
Maloja,,,,,,
Freisprüche,,,,,,
Schwägalp,,,,,,
Kanton Appenzell Ausserrhoden,,,,,,
Säntis,,,,,,
Bhotekoshi,,,,,,
Nep…,,,,,,
Hochdruck,,,,,,
schwarzen Schlammmassen,,,,,,
China hinfortriss,,,,,,
Himalaya-Gebiet,,,,,,
Hilfsteams,,,,,,
Autonomen Gebiet Tibet,,,,,,
Wien,,,,,,
unmittelba…,,,,,,
Straße…,,,,,,
Drau,,,,,,
Lieser,,,,,,
Kölnbreinsperre,,,,,,
Ceuta,,,,,,
Aostatal,,,,,,
Breuil-Cervinia,,,,,,
Donnerstag …,,,,,,
Paluzza,,,,,,
SS52,,,,,,
Matterhorn gross,,,,,,
Matterhorns,,,,,,
Permafrosts,,,,,,
Longnan,,,,,,
Tornados,,,,,,
Zentral- und Südchina,,,,,,
Gansu,,,,,,
Guangxi,,,,,,
Pazifik,,,,,,
Provinz Gansu,,,,,,
Zentralchina,,,,,,
Kaunertaler,,,,,,
Tiroler Gletscherstraße,,,,,,
Hochalmspitze,,,,,,
Bezirk Spittal an der Drau,,,,,,
Samstagfrüh,,,,,,
Beuron,,,,,,
Kreis Sigmaringen,,,,,,
Myanmars,,,,,,
Jademine,,,,,,
Meran …,,,,,,
Pinzgauer Bundesstraße,,,,,,
Saalachtal,,,,,,
Provinz Udine,,,,,,
Russen-Urlaubsparadies,,,,,,
Cervinia,,,,,,
weiterlesenStarzach,,,,,,
Gerö…,,,,,,
Vorderkrems,,,,,,
Krems,,,,,,
ü…,,,,,,
Bezirk Spittal/Drau,,,,,,
Kremsbrücke,,,,,,
L19,,,,,,
Innerkremser Straße,,,,,,
Sprengunternehmens,,,,,,
Bonn,,,,,,
Oberschwaben,,,,,,
Plöckenpasses,,,,,,
Plöckepass,,,,,,
Chartres,,,,,,
Frankreich,,,,,,
Füssen,,,,,,
Vietnams,,,,,,
XXL-Riss,,,,,,
Großarltals,,,,,,
Unfallstelle,,,,,,
Hausdach,,,,,,
Matterhorns…,,,,,,
Zermatt,,,,,,
Matterhorn,,,,,,
Risiko im Hochgebirge,,,,,,
Hüttschlag,,,,,,
Rote Gefahrenzone,,,,,,
Petacciato ,,,,,,
Italiens,,,,,,
Lawinendrama,,,,,,
Südtiroler Alpen,,,,,,
Südtiroler Ortlergebirge,,,,,,
Samstagnachmittag,,,,,,
Florida Keys zwische…,,,,,,
Florida Keys,,,,,,
Korallensterben,,,,,,
Iseltal,,,,,,
Rio de Janeiro,,,,,,
Favelas,,,,,,
Wirbelsturm,,,,,,
Bermuda,,,,,,
Bergs,,,,,,
Annapurna,,,,,,
Dominikanische Republik,,,,,,
Jamaika,,,,,,
Bahamas,,,,,,
Karibik,,,,,,
Haiti,,,,,,
Kuba,,,,,,
Norwegen,,,,,,
Erdrutschen,,,,,,
Abendhimmel,,,,,,
Meeres,,,,,,
Gliedstaates besingen,,,,,,
Dahlmeier-Drama,,,,,,
Dachs,,,,,,
Sch…,,,,,,
Samstagnachmi…,,,,,,
Zunterkopf,,,,,,
Ital…,,,,,,
Atomkraftwerk vorbeifü…,,,,,,
Sonnenschein,,,,,,
Seca Raceway,,,,,,
Teutoburger Waldes,,,,,,
Nachschub,,,,,,
Geduld,,,,,,
le…,,,,,,
Engländer,,,,,,
Yogis,,,,,,
Bergsteigern im Himalaya,,,,,,
Berg Yalung Ri,,,,,,
Kitzsteinhorn-Gebiet,,,,,,
Pinz…,,,,,,
Niedernsill,,,,,,
Lawinenseminar,,,,,,
Saisonbeginn,,,,,,
Landkreis…,,,,,,
bayerischen Landeskriminalamt,,,,,,
Mitternacht,,,,,,
Berggemeinde Sulden,,,,,,
Südtirols,,,,,,
­Afghanistans,,,,,,
Afghanistans,,,,,,
Erdbeben,,,,,,
Sa…,,,,,,
Ortler-Massiv,,,,,,
Lärchen,,,,,,
Igel,,,,,,
Klima-News,,,,,,
Dörfchens,,,,,,
Genf,,,,,,
Wanderern,,,,,,
Jungfrau-Region,,,,,,
Aletsch-Panoramaweg,,,,,,
Thurgauer,,,,,,
Himachal P…,,,,,,
Bezirk Bilaspur im,,,,,,
Neu-Delhi,,,,,,
Bezirk Bilaspur im …,,,,,,
L223,,,,,,
Forstauer Landesstraße,,,,,,
Franken,,,,,,
Niederbayern,,,,,,
Meteorologen,,,,,,
Neuschnee,,,,,,
Ostsee,,,,,,
Schnee,,,,,,
Regen,,,,,,
Sturmtief,,,,,,
Böen,,,,,,
Permafrostboden,,,,,,
Permafrostböden,,,,,,
Baleareninsel,,,,,,
Berg Rubihorn im Allgäu,,,,,,
Nebel,,,,,,
Schweizer Berge,,,,,,
lby,,,,,,
Polizeipräsidiums Schwaben Sü…,,,,,,
Steilküsten Ibizas,,,,,,
Formentera,,,,,,
Bremen,,,,,,
Ninja-Action,,,,,,
Dorf Brienz,,,,,,
Erdgas,,,,,,
Erda…,,,,,,
Innsbrucker,,,,,,
Grönlands,,,,,,
Kohlendioxidgehalt,,,,,,
All,,,,,,
Ankara,,,,,,
Insel wiedervereinigen,,,,,,
Nordzypern,,,,,,
Release-Woche,,,,,,
Tower-Defense,,,,,,
Dino-Parks,,,,,,
Kleinen Haus des,,,,,,
Bergtal,,,,,,
Alpendorf,,,,,,
Wallis,,,,,,
Hoeneß Kehl,,,,,,
Biathlon-Olympiasiegerin,,,,,,
Karakorum-Gebirge,,,,,,
Sibirien,,,,,,
Westsibirien,,,,,,
Rätsel,,,,,,
absacken,,,,,,
Kohlenstoff,,,,,,
Bremer Theaters,,,,,,
Montreux,,,,,,
Lac Léman,,,,,,
Kreml,,,,,,
Sperrzone,,,,,,
Bodensee,,,,,,
Marienschlucht am Bodensee,,,,,,
Gartenarbeiten,,,,,,
Scharnstein,,,,,,
Gartenarbeit,,,,,,
Bauweise,,,,,,
Lkw-Fahrer,,,,,,
Nordrhein-Westfalen,,,,,,
Straße am Quarzwerk,,,,,,
Bruchstraße,,,,,,
Abgrunds,,,,,,
Erdrutsch am Abgrund,,,,,,
Sizilianische Stadt,,,,,,
Symbol-Auto,,,,,,
Berg…,,,,,,
Anden,,,,,,
Warnsignale am Laila Peak,,,,,,
Werktagen,,,,,,
DR Kongo,,,,,,
Klippe,,,,,,
Abrund,,,,,,
Jakarta,,,,,,
Demokratische Republik Kongo,,,,,,
Provinz Nord-Kivu,,,,,,
Coltanabbau im Ostkongo,,,,,,
Bodenschätzen,,,,,,
Land reich,,,,,,
Allensbach,,,,,,
Namur,,,,,,
Belgien,,,,,,
Baumbeet,,,,,,
Hochmahdkopf,,,,,,
Tal,,,,,,
Bezirk Innsbruck-Land,,,,,,
Absam,,,,,,
ORF.at,,,,,,
noe,,,,,,
Bezirk St. Pölten,,,,,,
Straßensperre,,,,,,
Pielachtal,,,,,,
Mittelmeerküste,,,,,,
Halbstundentakt,,,,,,
Kalabrien,,,,,,
Baumscheiben,,,,,,
Zwickenberg Landesstraße,,,,,,
Provinz Nordkivu,,,,,,
Kinshasa,,,,,,
Lose Felsblöcke,,,,,,
Mittwochabend,,,,,,
Paraibuna,,,,,,
Ubá,,,,,,
Gailtal,,,,,,
Kröpflbrücke,,,,,,
Thörl,,,,,,
Kapfenberg,,,,,,
Zwickenberg,,,,,,
L6,,,,,,
Sicherheitszone,,,,,,
Absturz,,,,,,
Belém,,,,,,
D…,,,,,,
Rheinland-Pfalz,,,,,,
B9,,,,,,
L431,,,,,,
Fluchthorn,,,,,,
Instabile Berge,,,,,,
Gummi,,,,,,
US-Bundesstaates,,,,,,
Südkalifornien,,,,,,
Wrightwood,,,,,,
Kaliforniens,,,,,,
US-Westküste,,,,,,
Großbritannien,,,,,,
Bayerischen Fernsehens,,,,,,
Kreis Rottweil,,,,,,
lsw,,,,,,
Uranus,,,,,,
Monsun-Regen,,,,,,
Arbeiterkammer,,,,,,
Schulgebäude,,,,,,
Cormons,,,,,,
Brazzano di Cormons,,,,,,
Gorizia,,,,,,
Flut,,,,,,
Hanoi,,,,,,
Khanh-Le-Pass,,,,,,
Busunglück,,,,,,
Wirtschaftskammer,,,,,,
Borkenkäfer,,,,,,
Klimawandel,,,,,,
Protesten,,,,,,
Si…,,,,,,
Gefahrenzone,,,,,,
Tagen sackt der Boden,,,,,,
Maó,,,,,,
Cala Sant Esteve,,,,,,
Balearen,,,,,,
vo…,,,,,,
Mittelmeer-Insel,,,,,,
Gebiets,,,,,,
d…,,,,,,
Schlamm,,,,,,
Provinz Caltanissetta,,,,,,
Italienische Stadt,,,,,,
Rom,,,,,,
US-Präsident,,,,,,
Wohngebäuden,,,,,,
Drohnenvideos,,,,,,
Insel Sizilien,,,,,,
Haupti…,,,,,,
West Bandung,,,,,,
Provinz West-Java,,,,,,
West-Java,,,,,,
Tauranga,,,,,,
Kandahar,,,,,,
Wellington,,,,,,
Irans,,,,,,
Saudi-Arabien,,,,,,
Fachkräften,,,,,,
506,,,,,,
