,phrase,label,sentiment,subjectivity,language,count,gnd,geonames,geotype,latitude,longitude,continent,country,ipcc
Nepal,Nepal,LOC,-0.13288889,0.11555556,de,75.00000000,,1282988.00000000,T,28.00000000,84.00000000,ASIA,Nepal,TIB
Südtirol,Südtirol,LOC,-0.24695535,0.04736130,de,73.90000000,,3165244.00000000,A,46.50000000,11.33333000,EUROPE,Italien,WCE
Sizilien,Sizilien,LOC,-0.29719888,0.16246499,de,59.50000000,4055193-3,-1.00000000,,,,EUROPE-AFRICA,Italy,MED
Erdrutsch,Erdrutsch,LOC,0.03564728,0.13133208,de,53.30000000,,0.00000000,,,,,,
Niscemi,Niscemi,LOC,-0.26167315,0.05836576,de,51.40000000,4461093-2,-1.00000000,,,,EUROPE-AFRICA,Italy,MED
Neuseeland,Neuseeland,LOC,-0.17710843,0.03614458,de,41.50000000,4041915-0,2186224.00000000,X,-42.00000000,174.00000000,OCEANIA,New Zealand,NZ
Indonesien,Indonesien,LOC,-0.08247423,0.37371134,de,38.80000000,,1643084.00000000,T,-5.00000000,120.00000000,ASIA,Indonesien,SEA
Italien,Italien,LOC,-0.00696864,0.01742160,de,28.70000000,,3175395.00000000,T,42.83333000,12.83333000,EUROPE-AFRICA,Italien,MED
Himalaya,Himalaya,LOC,-0.08988764,0.11235955,de,26.70000000,,1252558.00000000,A,28.00000000,84.00000000,ASIA,Tibet,TIB
China,China,LOC,-0.13729508,0.10245902,de,24.40000000,4009937-4,-1.00000000,,,,ASIA,China,EAS
Tibet,Tibet,LOC,-0.12211982,0.17665131,de,21.70000000,4111286-6,-1.00000000,,,,ASIA,China,TIB
Mount Maunganui,Mount Maunganui,LOC,-0.48684211,0.13157895,de,19.00000000,,-1.00000000,,,,OCEANIA,,NZ
Stadt,Stadt,LOC,-0.27096774,0.03225806,de,15.50000000,,-1.00000000,,,,EUROPE,Germany,WCE
Alpen,Alpen,LOC,0.07284768,0.06622517,de,15.10000000,,682673.00000000,A,45.50000000,24.25000000,EUROPE,Rumänien,WCE
Ortlergebirge,Ortlergebirge,LOC,-0.16666667,0.00000000,de,14.40000000,,0.00000000,,,,,,
Chinas,Chinas,LOC,0.02573529,0.11029412,de,13.60000000,,-1.00000000,,,,CENTRAL-AMERICA,Mexico,NCA
Bayern,Bayern,LOC,0.10687023,0.00000000,de,13.10000000,,2951839.00000000,A,49.00000000,11.50000000,EUROPE,Deutschland,WCE
Guinea,Guinea,LOC,-0.15748031,0.00000000,de,12.70000000,4022520-3,-1.00000000,,,,AFRICA,Guinea,WAF
Erde,Erde,LOC,-0.19008264,0.08264463,de,12.10000000,,0.00000000,,,,,,
Vietnam,Vietnam,LOC,-0.39830508,0.00000000,de,11.80000000,4063514-4,-1.00000000,,,,ASIA,Vietnam,SEA
Demokratischen Republik Kongo,Demokratischen Republik Kongo,LOC,0.29943503,0.45197740,de,11.80000000,,0.00000000,,,,,,
Lawinenunglück,Lawinenunglück,LOC,-0.08928571,0.00000000,de,11.20000000,,0.00000000,,,,,,
Brasiliens,Brasiliens,LOC,-0.18807339,0.04587156,de,10.90000000,,0.00000000,,,,,,
Petacciato,Petacciato,LOC,-0.76605505,0.00000000,de,10.90000000,7548080-3,-1.00000000,,,,EUROPE-AFRICA,Italy,MED
Molise,Molise,LOC,-0.17000000,0.00000000,de,10.00000000,4101127-2,-1.00000000,,,,EUROPE-AFRICA,Italy,MED
Stadt Niscemi,Stadt Niscemi,LOC,-0.35500000,0.00000000,de,10.00000000,,0.00000000,,,,,,
…,…,LOC,-0.19557823,0.08503401,de,9.80000000,,0.00000000,,,,,,
Coltan-Mine,Coltan-Mine,LOC,0.11538462,0.27472527,de,9.10000000,,0.00000000,,,,,,
Himalaya-Gebirge,Himalaya-Gebirge,LOC,-0.53888889,0.00000000,de,9.00000000,,1252558.00000000,A,28.00000000,84.00000000,ASIA,Tibet,TIB
Philippinen,Philippinen,LOC,-0.04117647,0.05882353,de,8.50000000,,1694008.00000000,T,13.40882000,122.56155000,ASIA,Philippinen,SEA
Ibiza,Ibiza,LOC,-0.10000000,0.00000000,de,8.50000000,,6299339.00000000,A,38.87286000,1.37312000,EUROPE-AFRICA,Spanien,MED
Oberstdorf,Oberstdorf,LOC,0.00000000,0.00000000,de,8.20000000,4042985-4,6558790.00000000,P,,,EUROPE,Deutschland,WCE
Indien,Indien,LOC,-0.20731707,0.48780488,de,8.20000000,,1269750.00000000,T,22.00000000,79.00000000,ASIA,Indien,SAS
Bundesstraße 42,Bundesstraße 42,LOC,-0.32621951,0.03048780,de,8.20000000,,0.00000000,,,,,,
Schlammlawine,Schlammlawine,LOC,-0.03658537,0.12195122,de,8.20000000,,0.00000000,,,,,,
Mittelmeerinsel,Mittelmeerinsel,LOC,-0.72222222,0.00000000,de,8.10000000,,0.00000000,,,,,,
Alaska,Alaska,LOC,0.35802469,0.06172840,de,8.10000000,4001016-8,5879092.00000000,A,64.00028000,-150.00028000,NORTH-AMERICA,United States,NWN
Ortler-Gebirge,Ortler-Gebirge,LOC,-0.44936709,0.00000000,de,7.90000000,,0.00000000,,,,,,
Lawinenabgang,Lawinenabgang,LOC,-0.13513514,0.00000000,de,7.40000000,,0.00000000,,,,,,
Kongo,Kongo,LOC,-0.04794521,0.06849315,de,7.30000000,4032097-2,-1.00000000,,,,AFRICA,Republic of the Congo,CAF
Längenfeld,Längenfeld,LOC,0.04109589,0.00000000,de,7.30000000,4098914-8,-1.00000000,,,,EUROPE,Austria,WCE
Siziliens,Siziliens,LOC,-0.28767123,0.13698630,de,7.30000000,,0.00000000,,,,,,
Abgrund,Abgrund,LOC,-0.09589041,0.00000000,de,7.30000000,,0.00000000,,,,,,
nan,nan,LOC,-0.14383562,0.20547945,de,7.30000000,,-1.00000000,,,,ASIA,Thailand,SEA
Rubihorn,Rubihorn,LOC,-0.34931507,0.00000000,de,7.30000000,,6615470.00000000,A,47.42739500,10.28372240,EUROPE,Deutschland,WCE
Indonesiens,Indonesiens,LOC,-0.19178082,0.00000000,de,7.30000000,,0.00000000,,,,,,
Schweiz,Schweiz,LOC,0.00000000,0.00000000,de,7.30000000,,2658434.00000000,A,47.00016000,8.01427000,EUROPE,Schweiz,WCE
Felssturz,Felssturz,LOC,0.00000000,0.00000000,de,7.20000000,,0.00000000,,,,,,
Nepals,Nepals,LOC,0.10294118,0.00000000,de,6.80000000,,0.00000000,,,,,,
Ri,Ri,LOC,-0.15151515,0.00000000,de,6.60000000,,2328926.00000000,A,10.00000000,8.00000000,AFRICA,Nigeria,WAF
Zentralafrikanischen Republik,Zentralafrikanischen Republik,LOC,0.00000000,0.15625000,de,6.40000000,,0.00000000,,,,,,
Guineas,Guineas,LOC,-0.67187500,0.00000000,de,6.40000000,,-1.00000000,,,,SOUTH-AMERICA,Bolivia,SAM
Notstand,Notstand,LOC,0.11475410,0.00000000,de,6.10000000,,0.00000000,,,,,,
Felssturz am Rubihorn,Felssturz am Rubihorn,LOC,0.00000000,0.00000000,de,5.50000000,,0.00000000,,,,,,
Kaub,Kaub,LOC,-0.48636364,0.04545455,de,5.50000000,4194073-8,-1.00000000,,,,ASIA,,SEA
St. Goarshausen,St. Goarshausen,LOC,-0.48636364,0.04545455,de,5.50000000,4051603-9,-1.00000000,,,,EUROPE,Germany,WCE
Brasilien,Brasilien,LOC,0.19090909,0.27272727,de,5.50000000,4008003-1,-1.00000000,,,,SOUTH-AMERICA,Brazil,SAM
Chongqing,Chongqing,LOC,-0.06363636,0.09090909,de,5.50000000,4315770-1,-1.00000000,,,,ASIA,China,EAS
B 42,B 42,LOC,0.00000000,0.00000000,de,5.50000000,,-1.00000000,,,,EUROPE,Russia,NEU
Landes,Landes,LOC,-0.18181818,0.00000000,de,5.50000000,,-1.00000000,,,,EUROPE-AFRICA,France,MED
Java,Java,LOC,0.12727273,0.00000000,de,5.50000000,4028527-3,-1.00000000,,,,ASIA,Indonesia,SEA
Behördenangaben,Behördenangaben,LOC,0.00000000,0.00000000,de,5.40000000,,0.00000000,,,,,,
Starkregen,Starkregen,LOC,-0.19230769,0.00000000,de,5.20000000,,0.00000000,,,,,,
USA,USA,LOC,0.06382979,0.42553191,de,4.70000000,,6255150.00000000,L,-14.60485000,-57.65625000,SOUTH-AMERICA,,SAM
Ostkongo,Ostkongo,LOC,0.15217391,0.43478261,de,4.60000000,,0.00000000,,,,,,
Weißbach,Weißbach,LOC,-0.15217391,0.21739130,de,4.60000000,,-1.00000000,,,,EUROPE,Germany,WCE
Goldmine,Goldmine,LOC,0.00000000,0.21739130,de,4.60000000,,-1.00000000,,,,NORTH-AMERICA,United States,ENA
Müllbergs,Müllbergs,LOC,-1.08695652,0.00000000,de,4.60000000,,0.00000000,,,,,,
Müllkippe,Müllkippe,LOC,0.00000000,0.00000000,de,4.60000000,,0.00000000,,,,,,
Plöckenpass,Plöckenpass,LOC,-0.14130435,0.10869565,de,4.60000000,4527263-3,-1.00000000,,,,EUROPE,Austria,WCE
Wohnhaus,Wohnhaus,LOC,0.00000000,0.00000000,de,4.60000000,,-1.00000000,,,,EUROPE,Germany,WCE
Indiens,Indiens,LOC,0.23913043,0.00000000,de,4.60000000,,-1.00000000,,,,NORTH-AMERICA,Canada,ENA
“,“,LOC,0.00000000,0.00000000,de,4.60000000,,0.00000000,,,,,,
Niscemi auf Sizilien,Niscemi auf Sizilien,LOC,0.00000000,1.08695652,de,4.60000000,,0.00000000,,,,,,
Loreley,Loreley,LOC,-0.58152174,0.05434783,de,4.60000000,4099802-2,-1.00000000,,,,EUROPE,Germany,WCE
bergen,bergen,LOC,0.00000000,0.00000000,de,4.30000000,1027742-0,-1.00000000,,,,EUROPE,,NEU
Bozen,Bozen,LOC,0.00000000,0.00000000,de,4.20000000,4007901-6,-1.00000000,,,,EUROPE,Italy,WCE
Deutschland,Deutschland,LOC,-0.25000000,0.25000000,de,4.00000000,,2921044.00000000,A,51.50000000,10.50000000,EUROPE,Deutschland,WCE
Bergen,Bergen,LOC,0.43589744,0.25641026,de,3.90000000,,3161732.00000000,P,60.39299000,5.32415000,EUROPE,Norwegen,NEU
Kärnten,Kärnten,LOC,-0.26315789,0.00000000,de,3.80000000,4029175-3,-1.00000000,,,,EUROPE,Austria,WCE
Lofer,Lofer,LOC,-0.18918919,0.27027027,de,3.70000000,4036192-5,-1.00000000,,,,EUROPE,Austria,WCE
Coesfeld,Coesfeld,LOC,0.18918919,0.00000000,de,3.70000000,4010355-9,-1.00000000,,,,EUROPE,Germany,WCE
Steinschlag,Steinschlag,LOC,0.00000000,0.00000000,de,3.70000000,,0.00000000,,,,,,
Lampertheim,Lampertheim,LOC,0.00000000,0.00000000,de,3.70000000,4034192-6,-1.00000000,,,,EUROPE,Germany,WCE
Sturzflut,Sturzflut,LOC,0.28378378,0.13513514,de,3.70000000,,0.00000000,,,,,,
Oslo,Oslo,LOC,0.37837838,0.00000000,de,3.70000000,1013733-6,-1.00000000,,,,EUROPE,Norway,NEU
Rhein-Main-Liveblog,Rhein-Main-Liveblog,LOC,-0.18918919,0.00000000,de,3.70000000,,0.00000000,,,,,,
Caltrans,Caltrans,LOC,-0.54054054,0.00000000,de,3.70000000,,-1.00000000,,,,NORTH-AMERICA,United States,WNA
Kaunertal,Kaunertal,LOC,0.28378378,0.13513514,de,3.70000000,10010382-0,-1.00000000,,,,EUROPE,Austria,WCE
Rekordregen,Rekordregen,LOC,0.00000000,0.00000000,de,3.70000000,,0.00000000,,,,,,
Innerkrems,Innerkrems,LOC,-0.27027027,0.00000000,de,3.70000000,7557971-6,-1.00000000,,,,EUROPE,Austria,WCE
B20,B20,LOC,0.00000000,0.00000000,de,3.70000000,,-1.00000000,,,,ASIA,Taiwan,EAS
Kalifornien,Kalifornien,LOC,-0.81081081,0.00000000,de,3.70000000,4029307-5,-1.00000000,,,,NORTH-AMERICA,United States,WNA
Conakry,Conakry,LOC,-0.54054054,0.00000000,de,3.70000000,4598760-9,-1.00000000,,,,AFRICA,Guinea,WAF
Mount Maunganui/Auckland,Mount Maunganui/Auckland,LOC,-0.45945946,0.00000000,de,3.70000000,,0.00000000,,,,,,
Himalaja,Himalaja,LOC,0.19444444,0.00000000,de,3.60000000,,12631325.00000000,T,61.47832000,22.29583000,EUROPE,Finnland,NEU
Urlaubsinsel,Urlaubsinsel,LOC,-0.24285714,0.00000000,de,3.50000000,,0.00000000,,,,,,
Hangrutsch,Hangrutsch,LOC,0.00000000,0.00000000,de,3.40000000,,0.00000000,,,,,,
Straße,Straße,LOC,0.21212121,0.00000000,de,3.30000000,4057131-2,-1.00000000,,,,EUROPE,Germany,WCE
Sulden,Sulden,LOC,0.00000000,0.00000000,de,3.20000000,4058547-5,-1.00000000,,,,EUROPE,Italy,WCE
Bergwacht,Bergwacht,LOC,0.00000000,0.93750000,de,3.20000000,,0.00000000,,,,,,
Salzburg,Salzburg,LOC,-0.09375000,0.00000000,de,3.20000000,4076982-3,-1.00000000,,,,EUROPE,Austria,WCE
Lawinen-Drama,Lawinen-Drama,LOC,-0.64516129,0.00000000,de,3.10000000,,0.00000000,,,,,,
Osttirol,Osttirol,LOC,0.23333333,0.00000000,de,3.00000000,,2771828.00000000,T,47.00000000,12.53333000,EUROPE,Österreich,WCE
Bewohner,Bewohner,LOC,-0.14285714,0.29761905,de,2.80000000,,0.00000000,,,,,,
e…,e…,LOC,0.60714286,0.00000000,de,2.80000000,,0.00000000,,,,,,
Westchina,Westchina,LOC,0.00000000,0.00000000,de,2.80000000,,0.00000000,,,,,,
Türkei,Türkei,LOC,0.25000000,0.11904762,de,2.80000000,,298795.00000000,A,39.00000000,35.00000000,EUROPE-AFRICA,Türkei,MED
München,München,LOC,-0.28571429,0.00000000,de,2.80000000,,2867714.00000000,P,48.13743000,11.57549000,EUROPE,Deutschland,WCE
Minenunglück in Afrika,Minenunglück in Afrika,LOC,0.00000000,0.00000000,de,2.80000000,,0.00000000,,,,,,
Rhätischen Bahn,Rhätischen Bahn,LOC,0.00000000,0.00000000,de,2.80000000,,0.00000000,,,,,,
Erdmassen,Erdmassen,LOC,-0.71428571,0.00000000,de,2.80000000,,0.00000000,,,,,,
Adriaküste,Adriaküste,LOC,0.85714286,0.00000000,de,2.80000000,,0.00000000,,,,,,
Süditalien,Süditalien,LOC,-1.07142857,0.00000000,de,2.80000000,,0.00000000,,,,,,
Schlammmassen,Schlammmassen,LOC,0.00000000,0.00000000,de,2.80000000,,0.00000000,,,,,,
Steyrer,Steyrer,LOC,-0.71428571,0.00000000,de,2.80000000,,-1.00000000,,,,EUROPE,Austria,WCE
Toilettenblock,Toilettenblock,LOC,0.35714286,0.00000000,de,2.80000000,,0.00000000,,,,,,
Afghanistan,Afghanistan,LOC,-0.60714286,0.00000000,de,2.80000000,4000687-6,-1.00000000,,,,ASIA,Afghanistan,WCA
Pongau,Pongau,LOC,0.00000000,0.00000000,de,2.80000000,4046758-2,2766642.00000000,A,47.30000000,13.30000000,EUROPE,Austria,WCE
Pazifikstaat,Pazifikstaat,LOC,0.00000000,0.00000000,de,2.80000000,,0.00000000,,,,,,
Malta,Malta,LOC,0.00000000,0.00000000,de,2.80000000,508790-9,-1.00000000,,,,EUROPE-AFRICA,Malta,MED
Mexiko,Mexiko,LOC,0.00000000,0.35714286,de,2.80000000,,3996063.00000000,A,23.00000000,-102.00000000,CENTRAL-AMERICA,Mexiko,NCA
Hitze,Hitze,LOC,0.35714286,0.00000000,de,2.80000000,,-1.00000000,,,,EUROPE,Germany,WCE
Chippis,Chippis,LOC,-0.71428571,0.00000000,de,2.80000000,7708784-7,-1.00000000,,,,EUROPE,Switzerland,WCE
Los Angeles,Los Angeles,LOC,0.00000000,0.00000000,de,2.80000000,4036361-2,-1.00000000,,,,NORTH-AMERICA,United States,WNA
Neuseelands,Neuseelands,LOC,-0.25000000,0.35714286,de,2.80000000,,0.00000000,,,,,,
Maltatal,Maltatal,LOC,-0.35714286,0.00000000,de,2.80000000,4037258-3,-1.00000000,,,,EUROPE,Austria,WCE
Toten,Toten,LOC,-0.25000000,0.00000000,de,2.80000000,4843549-1,-1.00000000,,,,EUROPE,Norway,NEU
Myanmar,Myanmar,LOC,-0.71428571,0.00000000,de,2.80000000,4069500-1,-1.00000000,,,,ASIA,Myanmar,SAS
Unterhimmel,Unterhimmel,LOC,-0.71428571,0.00000000,de,2.80000000,,0.00000000,,,,,,
Laos,Laos,LOC,0.25000000,0.00000000,de,2.80000000,4034571-3,-1.00000000,,,,ASIA,Laos,SEA
Karwendelgebirge,Karwendelgebirge,LOC,0.00000000,0.00000000,de,2.80000000,4029833-4,-1.00000000,,,,EUROPE,Austria,WCE
Pinzgau,Pinzgau,LOC,-0.25000000,0.00000000,de,2.80000000,4046112-9,-1.00000000,,,,EUROPE,Austria,WCE
Rhein-Main,Rhein-Main,LOC,0.00000000,0.00000000,de,2.80000000,,-1.00000000,,,,EUROPE,Germany,WCE
Stadt Masisi,Stadt Masisi,LOC,0.00000000,0.00000000,de,2.80000000,,0.00000000,,,,,,
Bagger,Bagger,LOC,-0.25000000,0.35714286,de,2.80000000,,-1.00000000,,,,AFRICA,Liberia,WAF
Mount Everest,Mount Everest,LOC,-0.25925926,0.00000000,de,2.70000000,,1283416.00000000,T,27.98791000,86.92529000,ASIA,Nepal,TIB
Italiener,Italiener,LOC,-0.25925926,0.00000000,de,2.70000000,,12216629.00000000,R,46.60614000,13.84133000,EUROPE,Österreich,WCE
Hotel-Evakuierung,Hotel-Evakuierung,LOC,0.00000000,0.00000000,de,2.70000000,,0.00000000,,,,,,
Lawine,Lawine,LOC,0.00000000,0.00000000,de,2.60000000,,-1.00000000,,,,EUROPE-AFRICA,Morocco,MED
Notfälle,Notfälle,LOC,0.00000000,0.00000000,de,2.60000000,,0.00000000,,,,,,
Tirol,Tirol,LOC,-0.38461538,0.00000000,de,2.60000000,4027096-8,-1.00000000,,,,EUROPE,Austria,WCE
Leichensäcke,Leichensäcke,LOC,0.00000000,0.00000000,de,2.40000000,,0.00000000,,,,,,
Nackenheim,Nackenheim,LOC,-0.29166667,0.00000000,de,2.40000000,4200807-4,-1.00000000,,,,EUROPE,Germany,WCE
Krankenhäusern,Krankenhäusern,LOC,0.00000000,0.00000000,de,2.40000000,,0.00000000,,,,,,
Dauerregen,Dauerregen,LOC,0.00000000,0.00000000,de,2.20000000,,0.00000000,,,,,,
Freistaat,Freistaat,LOC,0.00000000,0.00000000,de,2.00000000,,2822542.00000000,A,50.91667000,11.00000000,EUROPE,Deutschland,WCE
B110,B110,LOC,0.00000000,0.00000000,de,2.00000000,,0.00000000,,,,,,
Plöckenpass-Straße,Plöckenpass-Straße,LOC,0.00000000,0.00000000,de,2.00000000,,0.00000000,,,,,,
Rift Valley,Rift Valley,LOC,-0.35000000,0.50000000,de,2.00000000,4117018-0,-1.00000000,,,,AFRICA,Kenya,SEAF
Kenia,Kenia,LOC,0.00000000,0.00000000,de,2.00000000,4030236-2,-1.00000000,,,,AFRICA,Kenya,SEAF
Kena,Kena,LOC,-0.70000000,0.00000000,de,2.00000000,4030236-2,-1.00000000,,,,AFRICA,Kenya,SEAF
Mega-Tsunami,Mega-Tsunami,LOC,0.00000000,0.00000000,de,1.90000000,,0.00000000,,,,,,
Eiffelturm,Eiffelturm,LOC,0.00000000,0.00000000,de,1.90000000,,-1.00000000,,,,EUROPE,France,WCE
untersch…,untersch…,LOC,0.00000000,0.00000000,de,1.90000000,,0.00000000,,,,,,
Landesgericht Steyr,Landesgericht Steyr,LOC,-0.52631579,0.00000000,de,1.90000000,,0.00000000,,,,,,
Ausnahmezustand,Ausnahmezustand,LOC,0.00000000,0.00000000,de,1.90000000,,0.00000000,,,,,,
Norditalien,Norditalien,LOC,0.36842105,0.00000000,de,1.90000000,,0.00000000,,,,,,
Evakuierungen,Evakuierungen,LOC,-0.52631579,0.00000000,de,1.90000000,,0.00000000,,,,,,
Paris,Paris,LOC,0.36842105,0.52631579,de,1.90000000,4044660-8,-1.00000000,,,,EUROPE,France,WCE
Baden-Württemberg,Baden-Württemberg,LOC,0.00000000,0.00000000,de,1.90000000,4004176-1,-1.00000000,,,,EUROPE,Germany,WCE
Frankreichs,Frankreichs,LOC,0.36842105,0.00000000,de,1.90000000,,0.00000000,,,,,,
Felsbrocken,Felsbrocken,LOC,0.00000000,0.00000000,de,1.90000000,,0.00000000,,,,,,
Friaul-Julisch Venetien,Friaul-Julisch Venetien,LOC,-0.52631579,0.00000000,de,1.90000000,,-1.00000000,,,,EUROPE,Italy,WCE
Landkreis Tübingen,Landkreis Tübingen,LOC,0.00000000,0.00000000,de,1.90000000,4061147-4,-1.00000000,,,,EUROPE,Germany,WCE
Sotschi,Sotschi,LOC,-0.18421053,0.26315789,de,1.90000000,4241207-9,-1.00000000,,,,EUROPE-AFRICA,Russia,MED
Starzach,Starzach,LOC,0.00000000,0.00000000,de,1.90000000,4133784-0,-1.00000000,,,,EUROPE,Germany,WCE
entland,entland,LOC,-0.73684211,0.00000000,de,1.90000000,,0.00000000,,,,,,
Rettungskräfte,Rettungskräfte,LOC,0.36842105,0.00000000,de,1.90000000,,0.00000000,,,,,,
Sulz am Neckar,Sulz am Neckar,LOC,-0.73684211,0.00000000,de,1.90000000,4374010-8,-1.00000000,,,,EUROPE,Germany,WCE
B33,B33,LOC,-0.15789474,0.00000000,de,1.90000000,,-1.00000000,,,,EUROPE,United Kingdom,NEU
Tiefe,Tiefe,LOC,0.00000000,0.00000000,de,1.90000000,,0.00000000,,,,,,
Stunden,Stunden,LOC,0.00000000,0.00000000,de,1.90000000,,0.00000000,,,,,,
Unglücksstelle,Unglücksstelle,LOC,0.00000000,0.00000000,de,1.90000000,,0.00000000,,,,,,
Vietnam Felsbrocken,Vietnam Felsbrocken,LOC,0.00000000,0.00000000,de,1.90000000,,0.00000000,,,,,,
Zentralvietnam,Zentralvietnam,LOC,0.00000000,0.00000000,de,1.90000000,,0.00000000,,,,,,
TTS-Player,TTS-Player,LOC,-0.52631579,0.00000000,de,1.90000000,,0.00000000,,,,,,
Erdrutsch-Gefahr,Erdrutsch-Gefahr,LOC,-1.05263158,0.00000000,de,1.90000000,,0.00000000,,,,,,
US-Bundesstaat Kalifornien,US-Bundesstaat Kalifornien,LOC,-1.05263158,0.00000000,de,1.90000000,,0.00000000,,,,,,
Coltanmine,Coltanmine,LOC,0.00000000,0.52631579,de,1.90000000,,0.00000000,,,,,,
Hubei,Hubei,LOC,0.00000000,0.00000000,de,1.90000000,4122666-5,-1.00000000,,,,ASIA,China,EAS
Schönbühel-Aggsbach,Schönbühel-Aggsbach,LOC,-0.15789474,0.00000000,de,1.90000000,4799688-2,-1.00000000,,,,EUROPE,Austria,WCE
Taiwan,Taiwan,LOC,-0.73684211,0.00000000,de,1.90000000,,1668284.00000000,A,24.00000000,121.00000000,ASIA,Taiwan,EAS
Bezirk Melk,Bezirk Melk,LOC,-0.15789474,0.00000000,de,1.90000000,4038547-4,-1.00000000,,,,EUROPE,Austria,WCE
3D.,3D.,LOC,-0.18421053,0.26315789,de,1.90000000,,-1.00000000,,,,NORTH-AMERICA,United States,ENA
Kongos,Kongos,LOC,0.00000000,0.00000000,de,1.90000000,4032097-2,-1.00000000,,,,AFRICA,Republic of the Congo,CAF
Tschechien,Tschechien,LOC,0.00000000,0.00000000,de,1.90000000,4303381-7,-1.00000000,,,,EUROPE,Czechia,WCE
Kreis Pengshui,Kreis Pengshui,LOC,0.00000000,0.00000000,de,1.90000000,,0.00000000,,,,,,
Nordinsel,Nordinsel,LOC,-0.52631579,0.52631579,de,1.90000000,,-1.00000000,,,,OCEANIA,New Zealand,NZ
Goldsuchern,Goldsuchern,LOC,-0.36842105,0.00000000,de,1.90000000,,0.00000000,,,,,,
Oberdrauburg,Oberdrauburg,LOC,-0.36842105,0.00000000,de,1.90000000,4295358-3,-1.00000000,,,,EUROPE,Austria,WCE
Blessem,Blessem,LOC,-0.36842105,0.00000000,de,1.90000000,4695010-2,-1.00000000,,,,EUROPE,Germany,WCE
Pontresina,Pontresina,LOC,0.00000000,0.00000000,de,1.90000000,4046768-5,-1.00000000,,,,EUROPE,Switzerland,WCE
Provinz…,Provinz…,LOC,0.00000000,0.00000000,de,1.90000000,,0.00000000,,,,,,
Graubünden,Graubünden,LOC,-0.15789474,0.00000000,de,1.90000000,4021881-8,-1.00000000,,,,EUROPE,Switzerland,WCE
Lackoberfläche,Lackoberfläche,LOC,0.00000000,0.00000000,de,1.90000000,,0.00000000,,,,,,
Waschstraßen,Waschstraßen,LOC,0.00000000,0.00000000,de,1.90000000,,0.00000000,,,,,,
Spanien,Spanien,LOC,0.00000000,0.52631579,de,1.90000000,4055964-6,-1.00000000,,,,EUROPE-AFRICA,Spain,MED
Nordindien,Nordindien,LOC,-0.36842105,0.00000000,de,1.90000000,,0.00000000,,,,,,
Masisi,Masisi,LOC,0.00000000,0.00000000,de,1.90000000,,-1.00000000,,,,ASIA,Armenia,WCA
Kanton Wallis,Kanton Wallis,LOC,0.00000000,0.00000000,de,1.90000000,4064466-2,-1.00000000,,,,EUROPE,Switzerland,WCE
Kapuzinerberg,Kapuzinerberg,LOC,-0.52631579,0.00000000,de,1.90000000,,-1.00000000,,,,EUROPE,Austria,WCE
Saalfelden,Saalfelden,LOC,0.00000000,0.00000000,de,1.90000000,4051088-8,-1.00000000,,,,EUROPE,Austria,WCE
Klostertal,Klostertal,LOC,0.00000000,0.00000000,de,1.90000000,4098529-5,-1.00000000,,,,EUROPE,Austria,WCE
Steinschläge,Steinschläge,LOC,0.00000000,0.00000000,de,1.90000000,,0.00000000,,,,,,
Kamerun,Kamerun,LOC,0.00000000,0.00000000,de,1.90000000,4029413-4,-1.00000000,,,,AFRICA,Cameroon,CAF
Regenfälle,Regenfälle,LOC,-0.18421053,0.26315789,de,1.90000000,,0.00000000,,,,,,
Vogelkot,Vogelkot,LOC,0.00000000,0.00000000,de,1.90000000,,0.00000000,,,,,,
russischen Republik Dagestan,russischen Republik Dagestan,LOC,-0.18421053,0.26315789,de,1.90000000,,0.00000000,,,,,,
Nepals Grenze,Nepals Grenze,LOC,0.00000000,0.00000000,de,1.90000000,,0.00000000,,,,,,
Landkreis Heilbronn,Landkreis Heilbronn,LOC,-0.97368421,0.00000000,de,1.90000000,4015074-4,-1.00000000,,,,EUROPE,Germany,WCE
Darjeeling,Darjeeling,LOC,0.00000000,1.05263158,de,1.90000000,4011057-6,-1.00000000,,,,ASIA,India,TIB
Alaskas,Alaskas,LOC,-0.52631579,0.00000000,de,1.90000000,,0.00000000,,,,,,
Laila Peak,Laila Peak,LOC,0.00000000,0.00000000,de,1.90000000,,0.00000000,,,,,,
Bergsturz,Bergsturz,LOC,0.00000000,0.00000000,de,1.90000000,,0.00000000,,,,,,
Sicherheitsgründen,Sicherheitsgründen,LOC,0.36842105,0.00000000,de,1.90000000,,0.00000000,,,,,,
Häuser am Abgrund,Häuser am Abgrund,LOC,-1.05263158,0.00000000,de,1.90000000,,0.00000000,,,,,,
Brienz,Brienz,LOC,-0.42982456,0.43859649,de,1.90000000,4008256-8,-1.00000000,,,,EUROPE,Switzerland,WCE
Weißenburg,Weißenburg,LOC,-0.07894737,0.00000000,de,1.90000000,4065243-9,-1.00000000,,,,EUROPE,Germany,WCE
Forstau,Forstau,LOC,0.00000000,0.00000000,de,1.90000000,10054368-6,7873311.00000000,A,47.32963000,13.56679000,EUROPE,Austria,WCE
Fulda,Fulda,LOC,0.00000000,0.00000000,de,1.90000000,4018859-0,-1.00000000,,,,EUROPE,Germany,WCE
Giftmord-Fall,Giftmord-Fall,LOC,0.00000000,0.00000000,de,1.90000000,,0.00000000,,,,,,
Laptops,Laptops,LOC,-0.36842105,0.00000000,de,1.90000000,,0.00000000,,,,,,
Fels,Fels,LOC,0.52631579,0.00000000,de,1.90000000,,-1.00000000,,,,EUROPE-AFRICA,Gibraltar,MED
Allgäuer Alpen,Allgäuer Alpen,LOC,-0.36842105,0.00000000,de,1.90000000,4001265-7,-1.00000000,,,,EUROPE,Germany,WCE
Bezirk Gmunden,Bezirk Gmunden,LOC,-0.36842105,0.00000000,de,1.90000000,4021376-6,-1.00000000,,,,EUROPE,Austria,WCE
Langener,Langener,LOC,0.00000000,0.00000000,de,1.90000000,,-1.00000000,,,,EUROPE,Germany,WCE
Donnerstagnachmittag,Donnerstagnachmittag,LOC,0.00000000,0.00000000,de,1.90000000,,0.00000000,,,,,,
Handys,Handys,LOC,-0.36842105,0.00000000,de,1.90000000,,-1.00000000,,,,NORTH-AMERICA,United States,ENA
Bondo,Bondo,LOC,0.36842105,0.00000000,de,1.90000000,,-1.00000000,,,,AFRICA,Kenya,SEAF
Sisikon,Sisikon,LOC,0.00000000,0.00000000,de,1.90000000,4538337-6,-1.00000000,,,,EUROPE,Switzerland,WCE
Flüelen,Flüelen,LOC,0.00000000,0.00000000,de,1.90000000,4529929-8,-1.00000000,,,,EUROPE,Switzerland,WCE
Hochgebirge,Hochgebirge,LOC,0.00000000,0.00000000,de,1.90000000,4252330-8,2768175.00000000,P,47.63333000,15.93333000,EUROPE,Austria,WCE
Gebirgsregion,Gebirgsregion,LOC,0.00000000,0.00000000,de,1.90000000,,0.00000000,,,,,,
Bergell,Bergell,LOC,0.00000000,0.00000000,de,1.90000000,4005627-2,-1.00000000,,,,EUROPE,Italy,WCE
Loreleyfelsen,Loreleyfelsen,LOC,0.00000000,0.00000000,de,1.90000000,,0.00000000,,,,,,
Russland,Russland,LOC,0.00000000,0.00000000,de,1.90000000,4076899-5,-1.00000000,,,,ASIA,Russia,ESB
Kathmandu,Kathmandu,LOC,0.00000000,0.00000000,de,1.90000000,4030036-5,-1.00000000,,,,ASIA,Nepal,TIB
der Schweiz,der Schweiz,LOC,-0.36842105,0.00000000,de,1.90000000,,-1.00000000,,,,EUROPE,Switzerland,WCE
Piz Cengalo,Piz Cengalo,LOC,0.00000000,0.00000000,de,1.90000000,,0.00000000,,,,,,
Mariazellerstraße,Mariazellerstraße,LOC,0.00000000,0.00000000,de,1.90000000,,0.00000000,,,,,,
Lawinen,Lawinen,LOC,0.00000000,0.00000000,de,1.80000000,,3868469.00000000,H,-49.36246000,-74.65861000,SOUTH-AMERICA,Chile,SSA
Trentino,Trentino,LOC,-0.38888889,0.00000000,de,1.80000000,,3165244.00000000,A,46.50000000,11.33333000,EUROPE,Italien,WCE
Bobojach,Bobojach,LOC,0.38888889,0.00000000,de,1.80000000,,-1.00000000,,,,EUROPE,Austria,WCE
Riedlingen,Riedlingen,LOC,0.00000000,0.00000000,de,1.80000000,4049967-4,-1.00000000,,,,EUROPE,Germany,WCE
Rolwalingtal,Rolwalingtal,LOC,0.00000000,0.00000000,de,1.80000000,,0.00000000,,,,,,
Zweier-Gruppe,Zweier-Gruppe,LOC,0.00000000,0.00000000,de,1.80000000,,0.00000000,,,,,,
Bayerns Alpen,Bayerns Alpen,LOC,0.00000000,0.00000000,de,1.80000000,,0.00000000,,,,,,
Vertainspitze,Vertainspitze,LOC,0.00000000,0.00000000,de,1.70000000,,-1.00000000,,,,EUROPE,Italy,WCE
Neptun,Neptun,LOC,-0.43750000,2.50000000,de,1.60000000,5013061-4,-1.00000000,,,,POLAR,,EAN
Österreich,Österreich,LOC,0.43750000,0.62500000,de,1.60000000,,2782113.00000000,A,47.33333000,13.33333000,EUROPE,Österreich,WCE
Russlands,Russlands,LOC,0.21875000,0.31250000,de,1.60000000,,-1.00000000,,,,OCEANIA,New Zealand,NZ
Schwaben,Schwaben,LOC,0.00000000,0.00000000,de,1.60000000,4053668-3,-1.00000000,,,,EUROPE,Germany,WCE
Vertai…,Vertai…,LOC,0.00000000,1.25000000,de,1.60000000,,0.00000000,,,,,,
Ortler-Alpen,Ortler-Alpen,LOC,-0.43750000,0.00000000,de,1.60000000,,0.00000000,,,,,,
Methan,Methan,LOC,0.00000000,0.00000000,de,1.50000000,,-1.00000000,,,,ASIA,India,WCA
Nevado del Ruiz,Nevado del Ruiz,LOC,0.00000000,0.00000000,de,1.50000000,4331771-6,-1.00000000,,,,SOUTH-AMERICA,Colombia,NWS
Armero,Armero,LOC,0.00000000,0.00000000,de,1.50000000,,-1.00000000,,,,SOUTH-AMERICA,Colombia,NWS
Wochenanfang,Wochenanfang,LOC,-1.00000000,0.00000000,de,1.40000000,,0.00000000,,,,,,
Hamburg,Hamburg,LOC,0.00000000,0.00000000,de,1.40000000,,2911298.00000000,P,53.55073000,9.99302000,EUROPE,Deutschland,WCE
Fährausfälle,Fährausfälle,LOC,0.00000000,0.00000000,de,1.40000000,,0.00000000,,,,,,
Verkehrsbehinderungen,Verkehrsbehinderungen,LOC,0.00000000,0.00000000,de,1.40000000,,0.00000000,,,,,,
Großen Schmiedinger,Großen Schmiedinger,LOC,1.00000000,0.00000000,de,1.40000000,,0.00000000,,,,,,
Unfälle,Unfälle,LOC,0.00000000,0.00000000,de,1.40000000,,0.00000000,,,,,,
Iran,Iran,LOC,0.34615385,0.00000000,de,1.30000000,4027653-3,-1.00000000,,,,ASIA,Iran,WCA
Ungarn,Ungarn,LOC,1.30769231,0.00000000,de,1.30000000,4078541-5,-1.00000000,,,,EUROPE,Hungary,WCE
Wassermassen,Wassermassen,LOC,0.00000000,0.00000000,de,1.30000000,,0.00000000,,,,,,
Teheran,Teheran,LOC,-0.58333333,0.00000000,de,1.20000000,4059304-6,-1.00000000,,,,ASIA,Iran,WCA
Florida,Florida,LOC,-2.37500000,0.00000000,de,1.20000000,4017585-6,-1.00000000,,,,NORTH-AMERICA,United States,ENA
Sonnensystems,Sonnensystems,LOC,-0.58333333,0.00000000,de,1.20000000,,0.00000000,,,,,,
Neckar,Neckar,LOC,0.00000000,0.00000000,de,1.10000000,4041522-3,-1.00000000,,,,EUROPE,Germany,WCE
Teutoburger Wald,Teutoburger Wald,LOC,0.00000000,0.00000000,de,1.10000000,4022923-3,-1.00000000,,,,EUROPE,Germany,WCE
Brandenburger Wald,Brandenburger Wald,LOC,0.00000000,0.00000000,de,1.10000000,,0.00000000,,,,,,
Diego,Diego,LOC,0.95454545,0.45454545,de,1.10000000,4269521-1,-1.00000000,,,,CENTRAL-AMERICA,United States,NCA
Belarus,Belarus,LOC,0.00000000,0.00000000,de,1.10000000,1009143-9,-1.00000000,,,,EUROPE,Belarus,WCE
Sacharow-Preisträger Poczobut,Sacharow-Preisträger Poczobut,LOC,0.00000000,0.00000000,de,1.10000000,,0.00000000,,,,,,
Bosporus,Bosporus,LOC,0.00000000,0.00000000,de,1.10000000,4007830-9,-1.00000000,,,,EUROPE-AFRICA,,MED
Merkur,Merkur,LOC,1.27272727,0.00000000,de,1.10000000,,-1.00000000,,,,EUROPE,Germany,WCE
Venus,Venus,LOC,1.27272727,0.00000000,de,1.10000000,,-1.00000000,,,,CENTRAL-AMERICA,Saint Lucia,CAR
Sandstein-Felsformation,Sandstein-Felsformation,LOC,0.27272727,0.00000000,de,1.10000000,,0.00000000,,,,,,
Disney World,Disney World,LOC,-1.68181818,0.00000000,de,1.10000000,,-1.00000000,,,,NORTH-AMERICA,United States,ENA
Mars,Mars,LOC,1.27272727,0.00000000,de,1.10000000,,-1.00000000,,,,POLAR,,EAN
SZ,SZ,LOC,0.00000000,0.00000000,de,1.10000000,,0.00000000,,,,,,
Barrikaden,Barrikaden,LOC,0.00000000,0.00000000,de,1.10000000,,0.00000000,,,,,,
Berchtesgaden,Berchtesgaden,LOC,0.00000000,0.00000000,de,1.10000000,4005574-7,-1.00000000,,,,EUROPE,Germany,WCE
Pakistan,Pakistan,LOC,0.00000000,0.00000000,de,1.10000000,,0.00000000,,,,,,
Aschaffenburg,Aschaffenburg,LOC,0.00000000,0.00000000,de,1.10000000,4003191-3,-1.00000000,,,,EUROPE,Germany,WCE
Bilster Berg,Bilster Berg,LOC,-0.39393939,0.00000000,de,1.10000000,,0.00000000,,,,,,
Ottilia,Ottilia,LOC,0.95454545,0.45454545,de,1.10000000,,0.00000000,,,,,,
Stampa,Stampa,LOC,0.95454545,0.45454545,de,1.10000000,4601703-3,-1.00000000,,,,EUROPE-AFRICA,,MED
Alberto,Alberto,LOC,0.95454545,0.45454545,de,1.10000000,,-1.00000000,,,,SOUTH-AMERICA,Venezuela,NSA
Istanbul,Istanbul,LOC,0.00000000,0.00000000,de,1.10000000,4088772-8,-1.00000000,,,,EUROPE-AFRICA,Turkey,MED
US-Regierung,US-Regierung,LOC,1.04545455,0.00000000,de,1.10000000,,0.00000000,,,,,,
Staufensees,Staufensees,LOC,0.00000000,0.00000000,de,1.00000000,,0.00000000,,,,,,
den USA,den USA,LOC,-0.51250000,0.12500000,de,1.00000000,4011446-6,-1.00000000,,,,EUROPE,The Netherlands,NEU
Herbst,Herbst,LOC,0.00000000,0.00000000,de,1.00000000,,-1.00000000,,,,NORTH-AMERICA,United States,ENA
Stadt Dornbirn,Stadt Dornbirn,LOC,0.00000000,0.00000000,de,1.00000000,4012792-8,2780741.00000000,X,47.41667000,9.73306000,EUROPE,Austria,WCE
Steyr,Steyr,LOC,-1.00000000,0.00000000,de,1.00000000,4057496-9,-1.00000000,,,,EUROPE,Austria,WCE
Flutwelle,Flutwelle,LOC,0.00000000,0.00000000,de,1.00000000,,0.00000000,,,,,,
"Laos
","Laos
",LOC,0.70000000,0.00000000,de,1.00000000,4034571-3,-1.00000000,,,,ASIA,Laos,SEA
Gemeinde,Gemeinde,LOC,-0.15000000,0.00000000,de,1.00000000,1028367-5,-1.00000000,,,,EUROPE,Moldova,WCE
XXL-Riss,XXL-Riss,LOC,-0.70000000,0.00000000,de,1.00000000,,0.00000000,,,,,,
Rappenloch,Rappenloch,LOC,0.26250000,0.00000000,de,1.00000000,7830421-0,-1.00000000,,,,EUROPE,Austria,WCE
Kärntner,Kärntner,LOC,-1.00000000,0.00000000,de,1.00000000,,-1.00000000,,,,EUROPE,Slovenia,WCE
Staufensee,Staufensee,LOC,0.00000000,0.00000000,de,1.00000000,,-1.00000000,,,,EUROPE,Austria,WCE
Dornbirn,Dornbirn,LOC,0.00000000,0.00000000,de,1.00000000,4012792-8,-1.00000000,,,,EUROPE,Austria,WCE
U.S.,U.S.,LOC,0.00000000,0.00000000,de,1.00000000,,0.00000000,,,,,,
Süd-Alaska,Süd-Alaska,LOC,-1.00000000,0.00000000,de,1.00000000,,-1.00000000,,,,NORTH-AMERICA,United States,CNA
Mont-Blanc-Massiv,Mont-Blanc-Massiv,LOC,0.00000000,0.00000000,de,1.00000000,,0.00000000,,,,,,
Alpenländer,Alpenländer,LOC,0.00000000,0.00000000,de,1.00000000,,0.00000000,,,,,,
Katastrophe,Katastrophe,LOC,0.00000000,0.00000000,de,1.00000000,,0.00000000,,,,,,
Biarritz,Biarritz,LOC,0.00000000,0.00000000,de,1.00000000,4360356-7,-1.00000000,,,,EUROPE-AFRICA,France,MED
Hangzhou,Hangzhou,LOC,0.00000000,0.00000000,de,1.00000000,4229651-1,-1.00000000,,,,ASIA,China,EAS
Kärntner Unternehmens,Kärntner Unternehmens,LOC,-1.00000000,0.00000000,de,1.00000000,,0.00000000,,,,,,
italienische Regierung,italienische Regierung,LOC,0.00000000,0.00000000,de,1.00000000,,0.00000000,,,,,,
weitverzweigte Höhle,weitverzweigte Höhle,LOC,0.00000000,0.00000000,de,1.00000000,,0.00000000,,,,,,
Budapest,Budapest,LOC,0.00000000,0.00000000,de,1.00000000,4008684-7,-1.00000000,,,,EUROPE,Hungary,WCE
Teilrepublik Dagestan,Teilrepublik Dagestan,LOC,0.00000000,0.00000000,de,1.00000000,,0.00000000,,,,,,
Xaysomboun,Xaysomboun,LOC,0.00000000,0.00000000,de,1.00000000,,0.00000000,,,,,,
Monsterwelle,Monsterwelle,LOC,0.70000000,0.00000000,de,1.00000000,,0.00000000,,,,,,
Zentral-Laos,Zentral-Laos,LOC,0.00000000,0.00000000,de,1.00000000,,0.00000000,,,,,,
Touristen-Hotspot,Touristen-Hotspot,LOC,0.00000000,0.00000000,de,1.00000000,,0.00000000,,,,,,
Höhle in Laos,Höhle in Laos,LOC,0.00000000,0.00000000,de,1.00000000,,0.00000000,,,,,,
Befreiung,Befreiung,LOC,0.00000000,0.00000000,de,1.00000000,,0.00000000,,,,,,
Bah…,Bah…,LOC,-0.85000000,0.00000000,de,1.00000000,,0.00000000,,,,,,
Hallstatt,Hallstatt,LOC,0.00000000,0.00000000,de,1.00000000,4023055-7,-1.00000000,,,,EUROPE,Austria,WCE
Wartezeiten,Wartezeiten,LOC,1.00000000,0.00000000,de,1.00000000,,0.00000000,,,,,,
Naturdrama,Naturdrama,LOC,0.00000000,0.00000000,de,1.00000000,,0.00000000,,,,,,
Gewaltiger Erdrutsch,Gewaltiger Erdrutsch,LOC,0.00000000,0.00000000,de,1.00000000,,0.00000000,,,,,,
Salzbergs,Salzbergs,LOC,0.00000000,0.00000000,de,1.00000000,,0.00000000,,,,,,
Weckruf,Weckruf,LOC,0.00000000,0.00000000,de,1.00000000,,0.00000000,,,,,,
Elementarschutz,Elementarschutz,LOC,0.00000000,1.00000000,de,1.00000000,,0.00000000,,,,,,
Petacci…,Petacci…,LOC,0.00000000,0.00000000,de,1.00000000,,0.00000000,,,,,,
Hang f…,Hang f…,LOC,0.00000000,0.00000000,de,1.00000000,,0.00000000,,,,,,
Europas,Europas,LOC,1.00000000,0.00000000,de,1.00000000,,0.00000000,,,,,,
Jahren,Jahren,LOC,0.00000000,0.00000000,de,1.00000000,,-1.00000000,,,,EUROPE,Norway,NEU
Gefahr,Gefahr,LOC,-0.70000000,0.00000000,de,1.00000000,,-1.00000000,,,,AFRICA,,WSAF
Kreuzfahrtschiffen,Kreuzfahrtschiffen,LOC,0.00000000,0.00000000,de,1.00000000,,0.00000000,,,,,,
Gestein,Gestein,LOC,0.70000000,0.00000000,de,1.00000000,,0.00000000,,,,,,
Tauernradweg-Sperre,Tauernradweg-Sperre,LOC,0.00000000,0.00000000,de,1.00000000,,0.00000000,,,,,,
Leichen bergen,Leichen bergen,LOC,0.00000000,0.00000000,de,1.00000000,,0.00000000,,,,,,
Flutkatastrophe,Flutkatastrophe,LOC,0.00000000,0.00000000,de,1.00000000,,0.00000000,,,,,,
Inder,Inder,LOC,0.00000000,1.00000000,de,1.00000000,,-1.00000000,,,,EUROPE,Kazakhstan,EEU
Gebiet,Gebiet,LOC,-0.70000000,0.00000000,de,1.00000000,,-1.00000000,,,,EUROPE,Germany,WCE
Wörezer,Wörezer,LOC,0.00000000,0.00000000,de,1.00000000,,0.00000000,,,,,,
Annatobel,Annatobel,LOC,0.00000000,0.00000000,de,1.00000000,,0.00000000,,,,,,
Naturgefahren,Naturgefahren,LOC,0.00000000,0.00000000,de,1.00000000,,0.00000000,,,,,,
Streckenschutz am Arlberg,Streckenschutz am Arlberg,LOC,0.00000000,0.00000000,de,1.00000000,,0.00000000,,,,,,
Vermissten,Vermissten,LOC,0.00000000,0.00000000,de,1.00000000,,0.00000000,,,,,,
Westafrika,Westafrika,LOC,0.00000000,0.00000000,de,1.00000000,,0.00000000,,,,,,
Toskana,Toskana,LOC,0.00000000,0.00000000,de,1.00000000,4060485-8,-1.00000000,,,,EUROPE-AFRICA,Italy,MED
Norditaliens,Norditaliens,LOC,0.00000000,1.00000000,de,1.00000000,,0.00000000,,,,,,
Bergamo,Bergamo,LOC,0.00000000,0.00000000,de,1.00000000,4005611-9,-1.00000000,,,,EUROPE,Italy,WCE
Zentralafrika,Zentralafrika,LOC,0.00000000,1.00000000,de,1.00000000,,0.00000000,,,,,,
Aostatal,Aostatal,LOC,0.00000000,0.00000000,de,1.00000000,4002386-2,-1.00000000,,,,EUROPE,Italy,WCE
Kolumbiens,Kolumbiens,LOC,0.00000000,0.00000000,de,1.00000000,,0.00000000,,,,,,
Dienstag…,Dienstag…,LOC,0.70000000,0.00000000,de,1.00000000,,0.00000000,,,,,,
Minenunglück in Zentralafrika,Minenunglück in Zentralafrika,LOC,0.00000000,0.00000000,de,1.00000000,,0.00000000,,,,,,
Schallmooser Hauptstraße,Schallmooser Hauptstraße,LOC,0.00000000,0.00000000,de,1.00000000,,0.00000000,,,,,,
Franziskischlössl,Franziskischlössl,LOC,-1.00000000,0.00000000,de,1.00000000,,0.00000000,,,,,,
Weimar,Weimar,LOC,0.00000000,0.00000000,de,1.00000000,4065105-8,-1.00000000,,,,EUROPE,Germany,WCE
Mont Blanc,Mont Blanc,LOC,-1.00000000,0.00000000,de,1.00000000,4115201-3,-1.00000000,,,,EUROPE,,WCE
Shanghai wu…,Shanghai wu…,LOC,0.00000000,0.00000000,de,1.00000000,,0.00000000,,,,,,
Pudong,Pudong,LOC,0.00000000,0.00000000,de,1.00000000,7610818-1,-1.00000000,,,,ASIA,China,EAS
Hongqiao,Hongqiao,LOC,0.00000000,0.00000000,de,1.00000000,,-1.00000000,,,,ASIA,China,EAS
Taifun,Taifun,LOC,0.00000000,1.00000000,de,1.00000000,,0.00000000,,,,,,
Ortsweiler Au,Ortsweiler Au,LOC,0.00000000,0.00000000,de,1.00000000,,0.00000000,,,,,,
Touristen.</li><li,Touristen.</li><li,LOC,-0.35000000,0.50000000,de,1.00000000,,0.00000000,,,,,,
Social-Media-Sucht bei Kindern,Social-Media-Sucht bei Kindern,LOC,0.00000000,0.00000000,de,1.00000000,,0.00000000,,,,,,
Hohen Wand,Hohen Wand,LOC,0.00000000,0.00000000,de,1.00000000,,-1.00000000,,,,EUROPE,Austria,WCE
Stampflkees,Stampflkees,LOC,0.00000000,0.00000000,de,1.00000000,,0.00000000,,,,,,
Sachsen-Anhalt,Sachsen-Anhalt,LOC,0.35000000,0.50000000,de,1.00000000,4051181-9,-1.00000000,,,,EUROPE,Germany,WCE
Darmstadt,Darmstadt,LOC,-0.70000000,0.00000000,de,1.00000000,4011077-1,-1.00000000,,,,EUROPE,Germany,WCE
Langener Waldsee,Langener Waldsee,LOC,0.00000000,0.00000000,de,1.00000000,,0.00000000,,,,,,
Baden,Baden,LOC,0.00000000,0.00000000,de,1.00000000,4058282-6,-1.00000000,,,,EUROPE,Germany,WCE
Maintal,Maintal,LOC,0.00000000,0.00000000,de,1.00000000,4203896-0,-1.00000000,,,,EUROPE,Germany,WCE
Kanton Graubünden …,Kanton Graubünden …,LOC,0.00000000,0.00000000,de,1.00000000,,0.00000000,,,,,,
Maloja,Maloja,LOC,0.00000000,0.00000000,de,1.00000000,4272470-3,-1.00000000,,,,EUROPE,Switzerland,WCE
Freisprüche,Freisprüche,LOC,0.00000000,0.00000000,de,1.00000000,,0.00000000,,,,,,
Schwägalp,Schwägalp,LOC,-1.00000000,0.00000000,de,1.00000000,7636605-4,-1.00000000,,,,EUROPE,Switzerland,WCE
Kanton Appenzell Ausserrhoden,Kanton Appenzell Ausserrhoden,LOC,0.00000000,0.00000000,de,1.00000000,4002486-6,-1.00000000,,,,EUROPE,Switzerland,WCE
Säntis,Säntis,LOC,-0.70000000,0.00000000,de,1.00000000,4051248-4,-1.00000000,,,,EUROPE,Switzerland,WCE
Bhotekoshi,Bhotekoshi,LOC,0.00000000,0.00000000,de,1.00000000,,-1.00000000,,,,ASIA,Nepal,TIB
Nep…,Nep…,LOC,0.00000000,1.00000000,de,1.00000000,,0.00000000,,,,,,
Hochdruck,Hochdruck,LOC,0.00000000,1.00000000,de,1.00000000,,0.00000000,,,,,,
schwarzen Schlammmassen,schwarzen Schlammmassen,LOC,0.35000000,0.50000000,de,1.00000000,,0.00000000,,,,,,
China hinfortriss,China hinfortriss,LOC,-0.56666667,0.33333333,de,1.00000000,,0.00000000,,,,,,
Himalaya-Gebiet,Himalaya-Gebiet,LOC,-0.56666667,0.33333333,de,1.00000000,,0.00000000,,,,,,
Hilfsteams,Hilfsteams,LOC,0.00000000,0.00000000,de,1.00000000,,0.00000000,,,,,,
Autonomen Gebiet Tibet,Autonomen Gebiet Tibet,LOC,0.70000000,0.00000000,de,1.00000000,,0.00000000,,,,,,
Wien,Wien,LOC,0.00000000,1.00000000,de,1.00000000,4066009-6,-1.00000000,,,,EUROPE,Austria,WCE
unmittelba…,unmittelba…,LOC,0.00000000,0.00000000,de,1.00000000,,0.00000000,,,,,,
Straße…,Straße…,LOC,0.00000000,0.00000000,de,1.00000000,,0.00000000,,,,,,
Drau,Drau,LOC,0.00000000,0.00000000,de,1.00000000,4105484-2,-1.00000000,,,,EUROPE,Austria,WCE
Lieser,Lieser,LOC,0.00000000,0.00000000,de,1.00000000,4336607-7,-1.00000000,,,,NORTH-AMERICA,United States,WNA
Kölnbreinsperre,Kölnbreinsperre,LOC,-1.00000000,0.00000000,de,1.00000000,,-1.00000000,,,,EUROPE,Austria,WCE
Ceuta,Ceuta,LOC,0.00000000,0.00000000,de,1.00000000,4085201-5,-1.00000000,,,,EUROPE-AFRICA,Spain,MED
Breuil-Cervinia,Breuil-Cervinia,LOC,0.00000000,0.00000000,de,1.00000000,5550304-4,-1.00000000,,,,EUROPE,Italy,WCE
Land Salzburg,Land Salzburg,LOC,-0.70000000,0.00000000,de,1.00000000,4076982-3,-1.00000000,,,,EUROPE,Austria,WCE
Zentralchina,Zentralchina,LOC,0.00000000,0.00000000,de,1.00000000,,0.00000000,,,,,,
Paluzza,Paluzza,LOC,0.00000000,0.00000000,de,1.00000000,7657977-3,-1.00000000,,,,EUROPE,Italy,WCE
SS52,SS52,LOC,0.00000000,0.00000000,de,1.00000000,,0.00000000,,,,,,
Matterhorn gross,Matterhorn gross,LOC,0.70000000,0.00000000,de,1.00000000,,0.00000000,,,,,,
Matterhorns,Matterhorns,LOC,0.00000000,0.00000000,de,1.00000000,,0.00000000,,,,,,
Permafrosts,Permafrosts,LOC,0.70000000,0.00000000,de,1.00000000,,0.00000000,,,,,,
Longnan,Longnan,LOC,0.00000000,0.00000000,de,1.00000000,,-1.00000000,,,,ASIA,China,EAS
Tornados,Tornados,LOC,-0.35000000,0.50000000,de,1.00000000,,0.00000000,,,,,,
Zentral- und Südchina,Zentral- und Südchina,LOC,-0.43333333,0.00000000,de,1.00000000,,0.00000000,,,,,,
Gansu,Gansu,LOC,1.00000000,0.00000000,de,1.00000000,4097624-5,-1.00000000,,,,ASIA,China,ECA
Guangxi,Guangxi,LOC,0.00000000,0.00000000,de,1.00000000,4213746-9,-1.00000000,,,,ASIA,China,EAS
Pazifik,Pazifik,LOC,-0.70000000,0.00000000,de,1.00000000,4044981-6,2363254.00000000,X,3.51342000,-132.18750000,PACIFIC,,EPO
Provinz Gansu,Provinz Gansu,LOC,0.00000000,0.00000000,de,1.00000000,4097624-5,1810676.00000000,X,38.00000000,102.00000000,ASIA,China,ECA
Kaunertaler,Kaunertaler,LOC,0.00000000,0.00000000,de,1.00000000,,0.00000000,,,,,,
Cervinia,Cervinia,LOC,0.00000000,0.00000000,de,1.00000000,4556840-6,-1.00000000,,,,EUROPE,Italy,WCE
Tiroler Gletscherstraße,Tiroler Gletscherstraße,LOC,0.00000000,0.00000000,de,1.00000000,,0.00000000,,,,,,
Hochalmspitze,Hochalmspitze,LOC,0.00000000,0.00000000,de,1.00000000,4264765-4,-1.00000000,,,,EUROPE,Austria,WCE
Bezirk Spittal an der Drau,Bezirk Spittal an der Drau,LOC,0.00000000,0.00000000,de,1.00000000,4105484-2,-1.00000000,,,,EUROPE,Austria,WCE
Samstagfrüh,Samstagfrüh,LOC,0.00000000,0.00000000,de,1.00000000,,0.00000000,,,,,,
Beuron,Beuron,LOC,0.00000000,0.00000000,de,1.00000000,4006275-2,-1.00000000,,,,EUROPE,Germany,WCE
Kreis Sigmaringen,Kreis Sigmaringen,LOC,0.00000000,0.00000000,de,1.00000000,,0.00000000,,,,,,
Myanmars,Myanmars,LOC,0.00000000,0.00000000,de,1.00000000,,0.00000000,,,,,,
Jademine,Jademine,LOC,0.00000000,0.00000000,de,1.00000000,,0.00000000,,,,,,
Meran …,Meran …,LOC,0.00000000,0.00000000,de,1.00000000,,0.00000000,,,,,,
Pinzgauer Bundesstraße,Pinzgauer Bundesstraße,LOC,0.00000000,1.00000000,de,1.00000000,,0.00000000,,,,,,
Saalachtal,Saalachtal,LOC,0.00000000,1.00000000,de,1.00000000,,0.00000000,,,,,,
Bundesstraße neu,Bundesstraße neu,LOC,-0.70000000,0.00000000,de,1.00000000,,0.00000000,,,,,,
Provinz Udine,Provinz Udine,LOC,0.00000000,0.00000000,de,1.00000000,4505876-3,-1.00000000,,,,EUROPE,Italy,WCE
Donnerstag …,Donnerstag …,LOC,0.00000000,0.00000000,de,1.00000000,,0.00000000,,,,,,
Russen-Urlaubsparadies,Russen-Urlaubsparadies,LOC,0.00000000,0.00000000,de,1.00000000,,0.00000000,,,,,,
weiterlesenStarzach,weiterlesenStarzach,LOC,0.00000000,0.00000000,de,1.00000000,,0.00000000,,,,,,
Gerö…,Gerö…,LOC,0.00000000,0.00000000,de,1.00000000,,0.00000000,,,,,,
Vorderkrems,Vorderkrems,LOC,0.00000000,0.00000000,de,1.00000000,,-1.00000000,,,,EUROPE,Austria,WCE
Krems,Krems,LOC,0.00000000,0.00000000,de,1.00000000,4033043-6,-1.00000000,,,,EUROPE,Austria,WCE
ü…,ü…,LOC,0.00000000,0.00000000,de,1.00000000,,0.00000000,,,,,,
Bezirk Spittal/Drau,Bezirk Spittal/Drau,LOC,-1.00000000,0.00000000,de,1.00000000,4105484-2,-1.00000000,,,,EUROPE,Austria,WCE
Kremsbrücke,Kremsbrücke,LOC,-1.00000000,0.00000000,de,1.00000000,,-1.00000000,,,,EUROPE,Austria,WCE
L19,L19,LOC,-1.00000000,0.00000000,de,1.00000000,,0.00000000,,,,,,
Innerkremser Straße,Innerkremser Straße,LOC,-1.00000000,0.00000000,de,1.00000000,,0.00000000,,,,,,
Sprengunternehmens,Sprengunternehmens,LOC,0.00000000,0.00000000,de,1.00000000,,0.00000000,,,,,,
Bonn,Bonn,LOC,0.00000000,0.00000000,de,1.00000000,4007666-0,-1.00000000,,,,EUROPE,Germany,WCE
Oberschwaben,Oberschwaben,LOC,-1.00000000,0.00000000,de,1.00000000,4042980-5,-1.00000000,,,,EUROPE,Germany,WCE
Plöckenpasses,Plöckenpasses,LOC,0.00000000,0.00000000,de,1.00000000,,0.00000000,,,,,,
Plöckepass,Plöckepass,LOC,0.00000000,0.00000000,de,1.00000000,,0.00000000,,,,,,
Chartres,Chartres,LOC,0.00000000,1.00000000,de,1.00000000,4009794-8,-1.00000000,,,,EUROPE,France,WCE
Frankreich,Frankreich,LOC,1.00000000,0.00000000,de,1.00000000,4018145-5,-1.00000000,,,,EUROPE,France,WCE
Füssen,Füssen,LOC,1.00000000,0.00000000,de,1.00000000,4018831-0,-1.00000000,,,,EUROPE,Germany,WCE
Vietnams,Vietnams,LOC,0.00000000,0.00000000,de,1.00000000,,0.00000000,,,,,,
Hüttschlag,Hüttschlag,LOC,0.00000000,0.00000000,de,1.00000000,4390069-0,-1.00000000,,,,EUROPE,Austria,WCE
Petacciato ,Petacciato ,LOC,0.00000000,0.00000000,de,1.00000000,,0.00000000,,,,,,
Unfallstelle,Unfallstelle,LOC,0.00000000,0.00000000,de,1.00000000,,0.00000000,,,,,,
Hausdach,Hausdach,LOC,0.00000000,0.00000000,de,1.00000000,,0.00000000,,,,,,
Matterhorns…,Matterhorns…,LOC,0.00000000,0.00000000,de,1.00000000,,0.00000000,,,,,,
Zermatt,Zermatt,LOC,0.00000000,0.00000000,de,1.00000000,4108981-9,-1.00000000,,,,EUROPE,Switzerland,WCE
Matterhorn,Matterhorn,LOC,0.00000000,0.00000000,de,1.00000000,4037992-9,-1.00000000,,,,EUROPE,Switzerland,WCE
Risiko im Hochgebirge,Risiko im Hochgebirge,LOC,0.00000000,0.00000000,de,1.00000000,,0.00000000,,,,,,
Großarltals,Großarltals,LOC,0.00000000,0.00000000,de,1.00000000,,0.00000000,,,,,,
Rote Gefahrenzone,Rote Gefahrenzone,LOC,0.00000000,1.00000000,de,1.00000000,,0.00000000,,,,,,
Zunterkopf,Zunterkopf,LOC,0.70000000,0.00000000,de,1.00000000,,-1.00000000,,,,EUROPE,Austria,WCE
Italiens,Italiens,LOC,0.00000000,0.00000000,de,1.00000000,,6116880.00000000,H,46.36199000,-74.81286000,NORTH-AMERICA,Kanada,ENA
Lawinendrama,Lawinendrama,LOC,-0.35000000,0.50000000,de,1.00000000,,0.00000000,,,,,,
Südtiroler Alpen,Südtiroler Alpen,LOC,-1.00000000,0.00000000,de,1.00000000,,0.00000000,,,,,,
Südtiroler Ortlergebirge,Südtiroler Ortlergebirge,LOC,-0.70000000,0.00000000,de,1.00000000,,0.00000000,,,,,,
Samstagnachmittag,Samstagnachmittag,LOC,0.00000000,0.00000000,de,1.00000000,,0.00000000,,,,,,
Florida Keys zwische…,Florida Keys zwische…,LOC,0.00000000,1.00000000,de,1.00000000,,0.00000000,,,,,,
Florida Keys,Florida Keys,LOC,0.00000000,1.00000000,de,1.00000000,4219634-6,-1.00000000,,,,CENTRAL-AMERICA,,CAR
Korallensterben,Korallensterben,LOC,0.00000000,0.00000000,de,1.00000000,,0.00000000,,,,,,
Iseltal,Iseltal,LOC,0.70000000,0.00000000,de,1.00000000,4699408-7,-1.00000000,,,,EUROPE,Austria,WCE
Rio de Janeiro,Rio de Janeiro,LOC,0.00000000,0.00000000,de,1.00000000,4076741-3,-1.00000000,,,,SOUTH-AMERICA,Brazil,SES
Favelas,Favelas,LOC,0.00000000,0.00000000,de,1.00000000,,-1.00000000,,,,SOUTH-AMERICA,Brazil,NES
Wirbelsturm,Wirbelsturm,LOC,0.00000000,0.00000000,de,1.00000000,,0.00000000,,,,,,
Bermuda,Bermuda,LOC,0.00000000,0.00000000,de,1.00000000,4005759-8,-1.00000000,,,,ATLANTIC,Bermuda,NAO
Bergs,Bergs,LOC,0.10000000,0.33333333,de,1.00000000,7773827-5,-1.00000000,,,,EUROPE,Sweden,NEU
Annapurna,Annapurna,LOC,0.10000000,0.33333333,de,1.00000000,4002120-8,-1.00000000,,,,ASIA,Nepal,TIB
Dominikanische Republik,Dominikanische Republik,LOC,-1.00000000,0.00000000,de,1.00000000,4012694-8,-1.00000000,,,,CENTRAL-AMERICA,Dominican Republic,CAR
Jamaika,Jamaika,LOC,-2.00000000,0.00000000,de,1.00000000,,3489940.00000000,A,18.16667000,-77.25000000,CENTRAL-AMERICA,Jamaika,CAR
Bahamas,Bahamas,LOC,-1.00000000,0.00000000,de,1.00000000,502239-3,-1.00000000,,,,NORTH-AMERICA,Bahamas,ENA
Karibik,Karibik,LOC,1.15000000,0.00000000,de,1.00000000,,7729891.00000000,L,20.38583000,-72.33398000,CENTRAL-AMERICA,,CAR
Haiti,Haiti,LOC,-0.85000000,0.00000000,de,1.00000000,4022974-9,-1.00000000,,,,CENTRAL-AMERICA,Haiti,CAR
Kuba,Kuba,LOC,-0.85000000,0.00000000,de,1.00000000,,3562981.00000000,A,22.00000000,-79.50000000,CENTRAL-AMERICA,Kuba,CAR
Norwegen,Norwegen,LOC,0.70000000,0.00000000,de,1.00000000,,3144096.00000000,A,62.00000000,10.00000000,EUROPE,Norwegen,NEU
Erdrutschen,Erdrutschen,LOC,0.00000000,0.00000000,de,1.00000000,,0.00000000,,,,,,
Abendhimmel,Abendhimmel,LOC,-0.70000000,0.00000000,de,1.00000000,,0.00000000,,,,,,
Meeres,Meeres,LOC,-0.70000000,0.00000000,de,1.00000000,,-1.00000000,,,,AFRICA,Eritrea,SAH
Gliedstaates besingen,Gliedstaates besingen,LOC,-0.70000000,0.00000000,de,1.00000000,,0.00000000,,,,,,
Dahlmeier-Drama,Dahlmeier-Drama,LOC,-1.00000000,0.00000000,de,1.00000000,,0.00000000,,,,,,
Dachs,Dachs,LOC,1.00000000,0.00000000,de,1.00000000,4119971-6,-1.00000000,,,,NORTH-AMERICA,United States,ENA
Sch…,Sch…,LOC,-0.35000000,0.50000000,de,1.00000000,,0.00000000,,,,,,
Samstagnachmi…,Samstagnachmi…,LOC,0.00000000,0.00000000,de,1.00000000,,0.00000000,,,,,,
Hochmahdkopf,Hochmahdkopf,LOC,0.70000000,0.00000000,de,1.00000000,,-1.00000000,,,,EUROPE,Austria,WCE
Ital…,Ital…,LOC,0.00000000,0.00000000,de,1.00000000,,0.00000000,,,,,,
Sonnenschein,Sonnenschein,LOC,0.00000000,1.00000000,de,1.00000000,,2831137.00000000,T,54.08202000,10.75910000,EUROPE,Germany,NEU
Wintersaison,Wintersaison,LOC,0.00000000,0.00000000,de,1.00000000,,0.00000000,,,,,,
Seca Raceway,Seca Raceway,LOC,-0.43333333,0.00000000,de,1.00000000,,0.00000000,,,,,,
Teutoburger Waldes,Teutoburger Waldes,LOC,0.80000000,0.00000000,de,1.00000000,,0.00000000,,,,,,
Nachschub,Nachschub,LOC,0.00000000,0.00000000,de,1.00000000,,0.00000000,,,,,,
Geduld,Geduld,LOC,-1.00000000,0.00000000,de,1.00000000,,-1.00000000,,,,AFRICA,South Africa,ESAF
le…,le…,LOC,0.00000000,0.00000000,de,1.00000000,,0.00000000,,,,,,
Engländer,Engländer,LOC,0.00000000,0.00000000,de,1.00000000,,-1.00000000,,,,EUROPE,Germany,WCE
Yogis,Yogis,LOC,0.00000000,0.00000000,de,1.00000000,,-1.00000000,,,,NORTH-AMERICA,United States,ENA
Bergsteigern im Himalaya,Bergsteigern im Himalaya,LOC,0.00000000,0.00000000,de,1.00000000,,0.00000000,,,,,,
Berg Yalung Ri,Berg Yalung Ri,LOC,0.70000000,0.00000000,de,1.00000000,,0.00000000,,,,,,
Kitzsteinhorn-Gebiet,Kitzsteinhorn-Gebiet,LOC,0.70000000,0.00000000,de,1.00000000,,0.00000000,,,,,,
Pinz…,Pinz…,LOC,0.70000000,0.00000000,de,1.00000000,,0.00000000,,,,,,
Niedernsill,Niedernsill,LOC,0.70000000,0.00000000,de,1.00000000,4538098-3,-1.00000000,,,,EUROPE,Austria,WCE
Lawinenseminar,Lawinenseminar,LOC,0.00000000,0.00000000,de,1.00000000,,0.00000000,,,,,,
Saisonbeginn,Saisonbeginn,LOC,0.00000000,0.00000000,de,1.00000000,,0.00000000,,,,,,
Landkreis…,Landkreis…,LOC,0.00000000,0.00000000,de,1.00000000,,0.00000000,,,,,,
bayerischen Landeskriminalamt,bayerischen Landeskriminalamt,LOC,0.00000000,0.00000000,de,1.00000000,,0.00000000,,,,,,
Mitternacht,Mitternacht,LOC,0.00000000,0.00000000,de,1.00000000,,0.00000000,,,,,,
Berggemeinde Sulden,Berggemeinde Sulden,LOC,0.70000000,0.00000000,de,1.00000000,,0.00000000,,,,,,
Südtirols,Südtirols,LOC,0.70000000,0.00000000,de,1.00000000,,0.00000000,,,,,,
­Afghanistans,­Afghanistans,LOC,-0.33333333,0.66666667,de,1.00000000,,0.00000000,,,,,,
Afghanistans,Afghanistans,LOC,0.00000000,1.00000000,de,1.00000000,,0.00000000,,,,,,
Erdbeben,Erdbeben,LOC,0.00000000,1.00000000,de,1.00000000,,0.00000000,,,,,,
Sa…,Sa…,LOC,0.00000000,0.00000000,de,1.00000000,,0.00000000,,,,,,
Ortler-Massiv,Ortler-Massiv,LOC,-1.00000000,0.00000000,de,1.00000000,,0.00000000,,,,,,
Lärchen,Lärchen,LOC,0.00000000,0.00000000,de,1.00000000,,-1.00000000,,,,EUROPE,Germany,WCE
Igel,Igel,LOC,1.00000000,0.00000000,de,1.00000000,,-1.00000000,,,,ASIA,Iran,WCA
Klima-News,Klima-News,LOC,0.00000000,0.00000000,de,1.00000000,,0.00000000,,,,,,
Dörfchens,Dörfchens,LOC,-0.46666667,0.33333333,de,1.00000000,,0.00000000,,,,,,
Genf,Genf,LOC,-1.00000000,0.00000000,de,1.00000000,,2660646.00000000,P,46.20222000,6.14569000,EUROPE,Schweiz,WCE
Wanderern,Wanderern,LOC,0.00000000,0.00000000,de,1.00000000,,0.00000000,,,,,,
Jungfrau-Region,Jungfrau-Region,LOC,0.00000000,0.00000000,de,1.00000000,,-1.00000000,,,,NORTH-AMERICA,United States,WNA
Aletsch-Panoramaweg,Aletsch-Panoramaweg,LOC,0.00000000,0.00000000,de,1.00000000,,0.00000000,,,,,,
Thurgauer,Thurgauer,LOC,0.70000000,0.00000000,de,1.00000000,,0.00000000,,,,,,
Himachal P…,Himachal P…,LOC,0.00000000,0.00000000,de,1.00000000,,0.00000000,,,,,,
Bezirk Bilaspur im,Bezirk Bilaspur im,LOC,0.00000000,0.00000000,de,1.00000000,,0.00000000,,,,,,
Neu-Delhi,Neu-Delhi,LOC,0.70000000,0.00000000,de,1.00000000,,1261481.00000000,P,28.62137000,77.21480000,ASIA,Indien,SAS
Bezirk Bilaspur im …,Bezirk Bilaspur im …,LOC,0.00000000,0.00000000,de,1.00000000,,0.00000000,,,,,,
L223,L223,LOC,0.00000000,0.00000000,de,1.00000000,,0.00000000,,,,,,
Forstauer Landesstraße,Forstauer Landesstraße,LOC,0.00000000,0.00000000,de,1.00000000,,0.00000000,,,,,,
Franken,Franken,LOC,0.00000000,0.00000000,de,1.00000000,,2803465.00000000,L,50.00000000,9.00000000,EUROPE,Deutschland,WCE
Niederbayern,Niederbayern,LOC,-0.70000000,0.00000000,de,1.00000000,4034367-4,-1.00000000,,,,EUROPE,Germany,WCE
Meteorologen,Meteorologen,LOC,0.00000000,0.00000000,de,1.00000000,,0.00000000,,,,,,
Neuschnee,Neuschnee,LOC,0.00000000,0.00000000,de,1.00000000,,0.00000000,,,,,,
Ostsee,Ostsee,LOC,0.00000000,0.00000000,de,1.00000000,,2919765.00000000,P,54.83503000,9.55218000,EUROPE,Deutschland,NEU
Schnee,Schnee,LOC,0.00000000,0.00000000,de,1.00000000,,2837468.00000000,T,50.72938000,8.54329000,EUROPE,Deutschland,WCE
Regen,Regen,LOC,0.00000000,0.00000000,de,1.00000000,,2849495.00000000,P,48.97190000,13.12824000,EUROPE,Deutschland,WCE
Sturmtief,Sturmtief,LOC,0.00000000,0.00000000,de,1.00000000,,0.00000000,,,,,,
Böen,Böen,LOC,0.00000000,0.00000000,de,1.00000000,,3160910.00000000,P,59.75000000,8.78333000,EUROPE,Norwegen,NEU
Permafrostboden,Permafrostboden,LOC,0.00000000,0.00000000,de,1.00000000,,0.00000000,,,,,,
Permafrostböden,Permafrostböden,LOC,0.00000000,0.00000000,de,1.00000000,,0.00000000,,,,,,
Baleareninsel,Baleareninsel,LOC,0.00000000,0.00000000,de,1.00000000,,0.00000000,,,,,,
Nebel,Nebel,LOC,-1.00000000,0.00000000,de,1.00000000,,0.00000000,,,,,,
Berg Rubihorn im Allgäu,Berg Rubihorn im Allgäu,LOC,-1.00000000,0.00000000,de,1.00000000,,0.00000000,,,,,,
Schweizer Berge,Schweizer Berge,LOC,0.00000000,0.00000000,de,1.00000000,,-1.00000000,,,,EUROPE,Germany,WCE
Polizeipräsidiums Schwaben Sü…,Polizeipräsidiums Schwaben Sü…,LOC,0.00000000,0.00000000,de,1.00000000,,0.00000000,,,,,,
lby,lby,LOC,0.00000000,0.00000000,de,1.00000000,,7898825.00000000,T,50.38527000,109.87245000,ASIA,Russia,ESB
Steilküsten Ibizas,Steilküsten Ibizas,LOC,0.00000000,0.00000000,de,1.00000000,,0.00000000,,,,,,
Formentera,Formentera,LOC,0.00000000,0.00000000,de,1.00000000,,2517690.00000000,T,38.69467000,1.46919000,EUROPE-AFRICA,Spanien,MED
Bremen,Bremen,LOC,0.00000000,0.00000000,de,1.00000000,,2944388.00000000,P,53.07582000,8.80717000,EUROPE,Deutschland,NEU
Ninja-Action,Ninja-Action,LOC,-1.00000000,0.00000000,de,1.00000000,,0.00000000,,,,,,
Dorf Brienz,Dorf Brienz,LOC,-1.00000000,0.00000000,de,1.00000000,,-1.00000000,,,,EUROPE,Switzerland,WCE
Erdgas,Erdgas,LOC,0.70000000,0.00000000,de,1.00000000,,0.00000000,,,,,,
Erda…,Erda…,LOC,0.00000000,0.00000000,de,1.00000000,,0.00000000,,,,,,
Innsbrucker,Innsbrucker,LOC,0.00000000,0.00000000,de,1.00000000,,-1.00000000,,,,EUROPE,Austria,WCE
Grönlands,Grönlands,LOC,0.00000000,0.00000000,de,1.00000000,,0.00000000,,,,,,
Kohlendioxidgehalt,Kohlendioxidgehalt,LOC,0.00000000,0.00000000,de,1.00000000,,0.00000000,,,,,,
All,All,LOC,-0.70000000,0.00000000,de,1.00000000,,-1.00000000,,,,CENTRAL-AMERICA,Antigua and Barbuda,CAR
Ankara,Ankara,LOC,-1.70000000,0.00000000,de,1.00000000,4002075-7,-1.00000000,,,,EUROPE-AFRICA,Turkey,MED
Insel wiedervereinigen,Insel wiedervereinigen,LOC,0.00000000,0.00000000,de,1.00000000,,0.00000000,,,,,,
Nordzypern,Nordzypern,LOC,0.00000000,0.00000000,de,1.00000000,4241756-9,-1.00000000,,,,EUROPE-AFRICA,Cyprus,MED
Release-Woche,Release-Woche,LOC,0.00000000,0.00000000,de,1.00000000,,0.00000000,,,,,,
Tower-Defense,Tower-Defense,LOC,-1.00000000,0.00000000,de,1.00000000,,0.00000000,,,,,,
Dino-Parks,Dino-Parks,LOC,-1.00000000,0.00000000,de,1.00000000,,-1.00000000,,,,NORTH-AMERICA,United States,ENA
Kleinen Haus des,Kleinen Haus des,LOC,0.00000000,0.00000000,de,1.00000000,,0.00000000,,,,,,
Bergtal,Bergtal,LOC,0.35000000,0.50000000,de,1.00000000,,-1.00000000,,,,NORTH-AMERICA,United States,CNA
Alpendorf,Alpendorf,LOC,0.00000000,0.00000000,de,1.00000000,117068968X,-1.00000000,,,,EUROPE,Austria,WCE
Wallis,Wallis,LOC,0.00000000,0.00000000,de,1.00000000,4210894-9,-1.00000000,,,,PACIFIC,Wallis and Futuna,SPO
Hoeneß Kehl,Hoeneß Kehl,LOC,-1.00000000,0.00000000,de,1.00000000,,0.00000000,,,,,,
Biathlon-Olympiasiegerin,Biathlon-Olympiasiegerin,LOC,0.00000000,1.00000000,de,1.00000000,,0.00000000,,,,,,
Karakorum-Gebirge,Karakorum-Gebirge,LOC,0.70000000,0.00000000,de,1.00000000,,0.00000000,,,,,,
Sibirien,Sibirien,LOC,0.15000000,0.00000000,de,1.00000000,4054780-2,-1.00000000,,,,ASIA,Russia,ESB
Westsibirien,Westsibirien,LOC,-1.00000000,0.00000000,de,1.00000000,,0.00000000,,,,,,
Rätsel,Rätsel,LOC,0.00000000,0.00000000,de,1.00000000,,-1.00000000,,,,ARCTIC,,ARO
absacken,absacken,LOC,0.00000000,0.00000000,de,1.00000000,,0.00000000,,,,,,
Kohlenstoff,Kohlenstoff,LOC,0.00000000,0.00000000,de,1.00000000,,0.00000000,,,,,,
Bremer Theaters,Bremer Theaters,LOC,0.00000000,0.00000000,de,1.00000000,,0.00000000,,,,,,
Atomkraftwerk vorbeifü…,Atomkraftwerk vorbeifü…,LOC,1.00000000,0.00000000,de,1.00000000,,0.00000000,,,,,,
Montreux,Montreux,LOC,0.00000000,0.00000000,de,1.00000000,4114631-1,-1.00000000,,,,EUROPE,Switzerland,WCE
Lac Léman,Lac Léman,LOC,0.00000000,0.00000000,de,1.00000000,,-1.00000000,,,,,,
Absturz,Absturz,LOC,0.00000000,0.00000000,de,1.00000000,,-1.00000000,,,,,,
Marienschlucht am Bodensee,Marienschlucht am Bodensee,LOC,0.00000000,0.00000000,de,1.00000000,,0.00000000,,,,,,
Gartenarbeiten,Gartenarbeiten,LOC,-0.70000000,0.00000000,de,1.00000000,,0.00000000,,,,,,
Scharnstein,Scharnstein,LOC,-0.70000000,0.00000000,de,1.00000000,,-1.00000000,,,,,,
Gartenarbeit,Gartenarbeit,LOC,0.00000000,0.00000000,de,1.00000000,,0.00000000,,,,,,
Bauweise,Bauweise,LOC,0.00000000,0.00000000,de,1.00000000,,0.00000000,,,,,,
Lkw-Fahrer,Lkw-Fahrer,LOC,0.00000000,0.00000000,de,1.00000000,,0.00000000,,,,,,
Nordrhein-Westfalen,Nordrhein-Westfalen,LOC,0.00000000,0.00000000,de,1.00000000,,-1.00000000,,,,,,
Straße am Quarzwerk,Straße am Quarzwerk,LOC,0.00000000,0.00000000,de,1.00000000,,0.00000000,,,,,,
Bruchstraße,Bruchstraße,LOC,0.00000000,0.00000000,de,1.00000000,,-1.00000000,,,,,,
Abgrunds,Abgrunds,LOC,-1.00000000,0.00000000,de,1.00000000,,0.00000000,,,,,,
Erdrutsch am Abgrund,Erdrutsch am Abgrund,LOC,0.00000000,0.00000000,de,1.00000000,,0.00000000,,,,,,
Sizilianische Stadt,Sizilianische Stadt,LOC,0.00000000,0.00000000,de,1.00000000,,0.00000000,,,,,,
Symbol-Auto,Symbol-Auto,LOC,0.00000000,0.00000000,de,1.00000000,,0.00000000,,,,,,
Berg…,Berg…,LOC,0.70000000,0.00000000,de,1.00000000,,0.00000000,,,,,,
Anden,Anden,LOC,0.70000000,0.00000000,de,1.00000000,,-1.00000000,,,,,,
Warnsignale am Laila Peak,Warnsignale am Laila Peak,LOC,0.00000000,0.00000000,de,1.00000000,,0.00000000,,,,,,
Werktagen,Werktagen,LOC,0.00000000,0.00000000,de,1.00000000,,0.00000000,,,,,,
DR Kongo,DR Kongo,LOC,0.00000000,0.00000000,de,1.00000000,,-1.00000000,,,,,,
Klippe,Klippe,LOC,0.00000000,0.00000000,de,1.00000000,,-1.00000000,,,,,,
Abrund,Abrund,LOC,0.00000000,0.00000000,de,1.00000000,,0.00000000,,,,,,
Jakarta,Jakarta,LOC,-0.70000000,0.00000000,de,1.00000000,,-1.00000000,,,,,,
Demokratische Republik Kongo,Demokratische Republik Kongo,LOC,0.35000000,0.50000000,de,1.00000000,,-1.00000000,,,,,,
Provinz Nord-Kivu,Provinz Nord-Kivu,LOC,0.00000000,1.00000000,de,1.00000000,,0.00000000,,,,,,
Coltanabbau im Ostkongo,Coltanabbau im Ostkongo,LOC,0.00000000,0.00000000,de,1.00000000,,0.00000000,,,,,,
Bodenschätzen,Bodenschätzen,LOC,0.70000000,0.00000000,de,1.00000000,,0.00000000,,,,,,
Land reich,Land reich,LOC,0.70000000,0.00000000,de,1.00000000,,-1.00000000,,,,,,
Sicherheitszone,Sicherheitszone,LOC,0.00000000,0.00000000,de,1.00000000,,0.00000000,,,,,,
Bodensee,Bodensee,LOC,-2.00000000,0.00000000,de,1.00000000,,0.00000000,,,,,,
Allensbach,Allensbach,LOC,-1.00000000,0.00000000,de,1.00000000,,-1.00000000,,,,,,
Namur,Namur,LOC,0.00000000,0.00000000,de,1.00000000,,-1.00000000,,,,,,
Baumscheiben,Baumscheiben,LOC,0.00000000,0.00000000,de,1.00000000,,0.00000000,,,,,,
Tal,Tal,LOC,0.00000000,0.00000000,de,1.00000000,,-1.00000000,,,,,,
Bezirk Innsbruck-Land,Bezirk Innsbruck-Land,LOC,0.00000000,0.00000000,de,1.00000000,,-1.00000000,,,,,,
Absam,Absam,LOC,0.00000000,0.00000000,de,1.00000000,,-1.00000000,,,,,,
ORF.at,ORF.at,LOC,-0.15000000,0.00000000,de,1.00000000,,-1.00000000,,,,,,
noe,noe,LOC,-0.15000000,0.00000000,de,1.00000000,,-1.00000000,,,,,,
Bezirk St. Pölten,Bezirk St. Pölten,LOC,0.00000000,0.00000000,de,1.00000000,,-1.00000000,,,,,,
Straßensperre,Straßensperre,LOC,0.00000000,0.00000000,de,1.00000000,,0.00000000,,,,,,
Pielachtal,Pielachtal,LOC,0.00000000,0.00000000,de,1.00000000,,0.00000000,,,,,,
Mittelmeerküste,Mittelmeerküste,LOC,0.00000000,0.00000000,de,1.00000000,,0.00000000,,,,,,
Halbstundentakt,Halbstundentakt,LOC,0.00000000,0.00000000,de,1.00000000,,0.00000000,,,,,,
Kalabrien,Kalabrien,LOC,0.00000000,0.00000000,de,1.00000000,,-1.00000000,,,,,,
Baumbeet,Baumbeet,LOC,0.00000000,0.00000000,de,1.00000000,,0.00000000,,,,,,
Provinz Nordkivu,Provinz Nordkivu,LOC,0.00000000,0.00000000,de,1.00000000,,0.00000000,,,,,,
Belgien,Belgien,LOC,0.00000000,0.00000000,de,1.00000000,,-1.00000000,,,,,,
Kinshasa,Kinshasa,LOC,0.35000000,0.50000000,de,1.00000000,,-1.00000000,,,,,,
Lose Felsblöcke,Lose Felsblöcke,LOC,0.00000000,0.00000000,de,1.00000000,,0.00000000,,,,,,
Mittwochabend,Mittwochabend,LOC,0.00000000,0.00000000,de,1.00000000,,0.00000000,,,,,,
Paraibuna,Paraibuna,LOC,0.00000000,0.00000000,de,1.00000000,,-1.00000000,,,,,,
Ubá,Ubá,LOC,0.00000000,0.00000000,de,1.00000000,,-1.00000000,,,,,,
Gailtal,Gailtal,LOC,0.35000000,0.50000000,de,1.00000000,,-1.00000000,,,,,,
Kröpflbrücke,Kröpflbrücke,LOC,0.00000000,0.00000000,de,1.00000000,,0.00000000,,,,,,
Thörl,Thörl,LOC,0.00000000,0.00000000,de,1.00000000,,-1.00000000,,,,,,
Kapfenberg,Kapfenberg,LOC,0.00000000,0.00000000,de,1.00000000,,-1.00000000,,,,,,
Zwickenberg,Zwickenberg,LOC,1.00000000,0.00000000,de,1.00000000,,-1.00000000,,,,,,
L6,L6,LOC,0.00000000,0.00000000,de,1.00000000,,-1.00000000,,,,,,
Zwickenberg Landesstraße,Zwickenberg Landesstraße,LOC,0.00000000,0.00000000,de,1.00000000,,0.00000000,,,,,,
Sperrzone,Sperrzone,LOC,0.00000000,0.00000000,de,1.00000000,,0.00000000,,,,,,
D…,D…,LOC,0.00000000,0.00000000,de,1.00000000,,0.00000000,,,,,,
Kreml,Kreml,LOC,0.00000000,0.00000000,de,1.00000000,,2116480.00000000,T,59.29103000,162.17127000,ASIA,Russland,RFE
Gefahrenzone,Gefahrenzone,LOC,0.50000000,0.50000000,de,1.00000000,,0.00000000,,,,,,
L431,L431,LOC,-0.70000000,0.00000000,de,1.00000000,,0.00000000,,,,,,
B9,B9,LOC,0.70000000,0.00000000,de,1.00000000,,-1.00000000,,,,,,
Fluchthorn,Fluchthorn,LOC,0.70000000,0.00000000,de,1.00000000,,-1.00000000,,,,,,
Instabile Berge,Instabile Berge,LOC,-1.00000000,0.00000000,de,1.00000000,,0.00000000,,,,,,
Gummi,Gummi,LOC,-0.85000000,0.00000000,de,1.00000000,,-1.00000000,,,,,,
US-Bundesstaates,US-Bundesstaates,LOC,0.00000000,0.00000000,de,1.00000000,,0.00000000,,,,,,
Südkalifornien,Südkalifornien,LOC,-1.00000000,0.00000000,de,1.00000000,,-1.00000000,,,,,,
Wrightwood,Wrightwood,LOC,-1.00000000,0.00000000,de,1.00000000,,-1.00000000,,,,,,
Kaliforniens,Kaliforniens,LOC,0.00000000,0.00000000,de,1.00000000,,0.00000000,,,,,,
US-Westküste,US-Westküste,LOC,0.00000000,0.00000000,de,1.00000000,,0.00000000,,,,,,
Großbritannien,Großbritannien,LOC,0.00000000,0.00000000,de,1.00000000,,-1.00000000,,,,,,
Bayerischen Fernsehens,Bayerischen Fernsehens,LOC,0.00000000,0.00000000,de,1.00000000,,0.00000000,,,,,,
Kreis Rottweil,Kreis Rottweil,LOC,-0.70000000,0.00000000,de,1.00000000,,0.00000000,,,,,,
lsw,lsw,LOC,-0.70000000,0.00000000,de,1.00000000,,-1.00000000,,,,,,
Uranus,Uranus,LOC,0.00000000,1.00000000,de,1.00000000,,-1.00000000,,,,,,
Monsun-Regen,Monsun-Regen,LOC,0.00000000,0.00000000,de,1.00000000,,0.00000000,,,,,,
Arbeiterkammer,Arbeiterkammer,LOC,-0.15000000,0.00000000,de,1.00000000,,0.00000000,,,,,,
Schulgebäude,Schulgebäude,LOC,0.00000000,0.00000000,de,1.00000000,,0.00000000,,,,,,
Cormons,Cormons,LOC,0.00000000,0.00000000,de,1.00000000,,-1.00000000,,,,,,
Brazzano di Cormons,Brazzano di Cormons,LOC,0.00000000,0.00000000,de,1.00000000,,-1.00000000,,,,,,
Gorizia,Gorizia,LOC,-1.00000000,0.00000000,de,1.00000000,,-1.00000000,,,,,,
Flut,Flut,LOC,-0.70000000,0.00000000,de,1.00000000,,-1.00000000,,,,,,
Hanoi,Hanoi,LOC,-1.00000000,0.00000000,de,1.00000000,,-1.00000000,,,,,,
Khanh-Le-Pass,Khanh-Le-Pass,LOC,0.00000000,0.00000000,de,1.00000000,,0.00000000,,,,,,
Busunglück,Busunglück,LOC,0.00000000,0.00000000,de,1.00000000,,0.00000000,,,,,,
Wirtschaftskammer,Wirtschaftskammer,LOC,0.00000000,0.00000000,de,1.00000000,,0.00000000,,,,,,
Belém,Belém,LOC,0.00000000,0.00000000,de,1.00000000,,3405870.00000000,P,-1.45583000,-48.50444000,SOUTH-AMERICA,Brasilien,NES
Rheinland-Pfalz,Rheinland-Pfalz,LOC,0.00000000,0.00000000,de,1.00000000,,-1.00000000,,,,,,
Borkenkäfer,Borkenkäfer,LOC,1.00000000,0.00000000,de,1.00000000,,0.00000000,,,,,,
Klimawandel,Klimawandel,LOC,0.70000000,0.00000000,de,1.00000000,,0.00000000,,,,,,
Rom,Rom,LOC,0.00000000,0.00000000,de,1.00000000,,-1.00000000,,,,,,
Tagen sackt der Boden,Tagen sackt der Boden,LOC,0.00000000,0.00000000,de,1.00000000,,0.00000000,,,,,,
Maó,Maó,LOC,0.00000000,0.00000000,de,1.00000000,,-1.00000000,,,,,,
Cala Sant Esteve,Cala Sant Esteve,LOC,0.00000000,0.00000000,de,1.00000000,,0.00000000,,,,,,
Balearen,Balearen,LOC,0.00000000,0.00000000,de,1.00000000,,-1.00000000,,,,,,
vo…,vo…,LOC,0.00000000,0.00000000,de,1.00000000,,0.00000000,,,,,,
Mittelmeer-Insel,Mittelmeer-Insel,LOC,0.00000000,0.00000000,de,1.00000000,,0.00000000,,,,,,
Gebiets,Gebiets,LOC,0.00000000,0.00000000,de,1.00000000,,0.00000000,,,,,,
d…,d…,LOC,-0.10000000,0.33333333,de,1.00000000,,0.00000000,,,,,,
Schlamm,Schlamm,LOC,0.00000000,0.00000000,de,1.00000000,,-1.00000000,,,,,,
Provinz Caltanissetta,Provinz Caltanissetta,LOC,0.00000000,0.00000000,de,1.00000000,,-1.00000000,,,,,,
Italienische Stadt,Italienische Stadt,LOC,-1.00000000,0.00000000,de,1.00000000,,0.00000000,,,,,,
Si…,Si…,LOC,0.00000000,0.00000000,de,1.00000000,,0.00000000,,,,,,
Wohngebäuden,Wohngebäuden,LOC,-0.15000000,0.00000000,de,1.00000000,,0.00000000,,,,,,
Protesten,Protesten,LOC,0.00000000,0.00000000,de,1.00000000,,0.00000000,,,,,,
Drohnenvideos,Drohnenvideos,LOC,0.00000000,0.00000000,de,1.00000000,,0.00000000,,,,,,
Insel Sizilien,Insel Sizilien,LOC,0.00000000,1.00000000,de,1.00000000,,0.00000000,,,,,,
Haupti…,Haupti…,LOC,-0.35000000,0.50000000,de,1.00000000,,0.00000000,,,,,,
West Bandung,West Bandung,LOC,-0.35000000,0.50000000,de,1.00000000,,-1.00000000,,,,,,
Provinz West-Java,Provinz West-Java,LOC,0.70000000,0.00000000,de,1.00000000,,-1.00000000,,,,,,
West-Java,West-Java,LOC,0.00000000,0.00000000,de,1.00000000,,-1.00000000,,,,,,
Tauranga,Tauranga,LOC,0.00000000,0.00000000,de,1.00000000,,-1.00000000,,,,,,
Kandahar,Kandahar,LOC,-0.70000000,0.00000000,de,1.00000000,,-1.00000000,,,,,,
Wellington,Wellington,LOC,0.00000000,0.00000000,de,1.00000000,,-1.00000000,,,,,,
Irans,Irans,LOC,0.00000000,0.00000000,de,1.00000000,,0.00000000,,,,,,
Saudi-Arabien,Saudi-Arabien,LOC,-1.00000000,0.00000000,de,1.00000000,,-1.00000000,,,,,,
US-Präsident,US-Präsident,LOC,-1.85000000,0.00000000,de,1.00000000,,0.00000000,,,,,,
Fachkräften,Fachkräften,LOC,-1.00000000,0.00000000,de,1.00000000,,-1.00000000,,,,,,
506,,,,,,,,2659601.00000000,P,46.43301000,6.91143000,,Switzerland,
