day,sentiment_mean,sentiment_std,subjectivity_mean,subjectivity_std,counting
2025-09-23,0.47000967108038416,1.0,-0.5,1.0,1.0
2025-09-28,0.7626859312665641,0.7195914824903002,-0.5264438348515237,0.09714531542329713,4.0
2025-09-30,-0.5213957782528238,1.0590924678904143,-0.4751670303113062,0.02955150845695992,4.0
2025-10-01,0.3204294977288367,0.8809398227283781,-0.4505123094247195,0.2737360708041481,8.0
2025-10-03,-0.6983080633208659,1.0,-0.44903404747334524,1.0,1.0
2025-10-04,-0.8004679622056038,1.0,-0.5856092748869389,1.0,1.0
2025-10-05,0.7227642991090585,1.0,0.21205413281799435,1.0,1.0
2025-10-06,-0.30049349841919815,0.6901150653973132,0.13855333184602006,0.9834537062560189,5.0
2025-10-07,0.7930781889447027,0.6727366350688271,1.3252095765396468,1.275384234630326,5.0
2025-10-09,0.17316669023171008,1.0,,1.0,1.0
2025-10-11,0.9319747873682024,1.0,-0.4133452205563576,1.0,1.0
2025-10-13,-0.18531255909266253,1.074673580340235,0.7106150499961057,1.603508160649222,3.0
2025-10-14,0.7639149179577344,1.0,-0.5856092748869389,1.0,1.0
2025-10-15,0.25698106314878755,0.03798737543252504,-0.3445665354473643,0.22971102363157622,4.0
2025-10-16,0.38871797334985225,0.9306743513400839,1.0512479446555998,2.428539945568575,2.0
2025-10-17,-0.47772746178306436,0.1257790297730698,-0.29280463744346946,0.4140882893982915,2.0
2025-10-18,0.8299768022014627,1.0,1.0333630513908942,1.0,1.0
2025-10-20,-1.071488927879923,0.35628903636937226,-0.5418606574106543,1.0,2.0
2025-10-21,0.388770736151375,0.40838349148173714,0.0,1.0,2.0
2025-10-22,1.4227509594519785,1.0,-0.7747488026120914,1.0,1.0
2025-10-23,1.1916172985311102,1.0,-0.7148049907573449,1.0,1.0
2025-10-24,-0.3857617831694527,1.335672203045064,0.9057430023340624,1.555733821613395,4.0
2025-10-25,0.37934844502430365,1.0,-0.7353395753607261,1.0,1.0
2025-10-26,-0.0880050642991937,1.0,2.4800713233381457,1.0,1.0
2025-10-27,0.3587457245053131,0.37168705461976964,-0.5518811745671193,0.15888131233597164,3.0
2025-10-28,1.1547005383792515,1.0,1.1547005383792515,1.0,1.0
2025-10-29,1.4761611975317055,0.8320739778090532,0.5195590494612605,1.3865528893578545,2.0
2025-10-30,0.18700125158985864,0.8244724283564688,-0.28363890055639374,0.4746666800054684,5.0
2025-10-31,1.3194730131204369,1.0,,1.0,1.0
2025-11-01,-0.4983557183476304,1.057461042947232,-0.25279017858999653,0.7902240186748292,24.0
2025-11-02,-0.6107006097666503,0.7190811440027565,0.17568084785627702,1.0461289978669641,22.0
2025-11-03,0.06111932280886902,0.8609391799709294,-0.27279637483887703,0.7552633172600207,21.0
2025-11-04,-0.0979096485692583,0.5000714899401623,-0.48190695681591916,0.41517005747774566,15.0
2025-11-07,0.8109869521264131,0.7597995520213432,-0.3758233107658644,0.32620676888904865,4.0
2025-11-08,0.7195127814488005,0.6483448794944202,-0.004774537363471276,0.5258933071152491,5.0
2025-11-09,-0.0880050642991937,1.0,-0.4133452205563576,1.0,1.0
2025-11-10,0.2539112996870071,1.0,-0.7148049907573449,1.0,1.0
2025-11-11,0.028021162636684416,0.9556906849586582,-0.6735208967835532,0.05838452560802163,3.0
2025-11-12,-0.49967615587302583,1.2066641131772653,-0.549552749516999,0.010878260979815813,2.0
2025-11-17,-0.5616092812180922,0.405054051094908,-0.5866325327602449,0.11342272095644812,7.0
2025-12-01,0.37934844502430365,1.0,-0.7353395753607261,1.0,1.0
2025-12-04,0.527845891726884,0.21000710310456502,0.6320532979048264,1.490290425405306,2.0
2025-12-13,0.5634187169099291,0.7727473715123647,2.916061741555888,0.4853817506736759,3.0
2025-12-17,0.7513327452209989,1.601555517709046,-0.503618944502954,0.06466607213333542,5.0
2025-12-18,1.1210573321054667,1.0,-0.4608819010774791,1.0,1.0
2025-12-22,2.558838433092512,1.0,-0.5856092748869389,1.0,1.0
2025-12-23,1.9960071892186195,1.0,-0.5681477573731639,1.0,1.0
2025-12-25,-1.6215006980011986,1.0,-0.7148049907573449,1.0,1.0
2025-12-26,-2.3672836751897717,1.0,-0.7353395753607261,1.0,1.0
2026-01-02,-2.1843152877175296,1.0,-0.4608819010774791,1.0,1.0
2026-01-08,0.47579155947433394,1.0,,1.0,1.0
2026-01-09,1.3271721799951808,1.0,-0.6659891192383488,1.0,1.0
2026-01-11,-0.5476841239762105,2.1363391372233385,-0.4601519741703158,0.0010322725316514372,2.0
2026-01-12,2.555647208157676,1.0,-0.4608819010774791,1.0,1.0
2026-01-14,0.09824009794298527,0.28075362976495194,-0.4413115344570646,0.02767667789520392,2.0
2026-01-15,-0.05989446901408879,2.478902993450953,-0.4608819010774791,0.0,2.0
2026-01-16,0.022163774125405766,0.8585764267777829,-0.4601519741703158,0.0010322725316514372,2.0
2026-01-18,-1.870835196001572,1.0,0.19990431791952054,1.0,1.0
2026-01-22,-0.6442755605444879,0.6265830852663352,-0.20681097264359558,0.7270619032206743,14.0
2026-01-23,1.0619350673186103,0.8423259056599541,-0.5019710744091902,0.07243648409231959,3.0
2026-01-24,0.04061076592574173,0.6426493094810087,0.8683466268096599,1.6457500998381356,9.0
2026-01-25,0.533787437248205,0.29120882441740775,2.3027919579159657,0.6157137984985924,3.0
2026-01-26,0.32172826745784905,0.8301787933275894,1.1134026907057486,1.3801716847868821,3.0
2026-01-27,0.16395973446993622,1.0562629772674428,0.09864922584612933,0.9117274199035259,11.0
2026-01-28,-0.18235060953386112,1.028017055561628,0.6432901093592955,1.4015189374786614,8.0
2026-01-29,0.2572735482407984,0.8510968929730371,1.5212587462940925,1.2761488620996126,12.0
2026-01-30,-0.6596591102049453,0.8422574420573674,-0.22970020103929842,0.6484715100867675,5.0
2026-01-31,0.22202776581530112,0.6379153514869186,0.8324047887714642,1.0381656494202782,6.0
2026-02-01,0.009342692947381262,0.761528006138093,0.0637582342771437,0.5411883826036438,3.0
2026-02-02,-0.11060025272186617,1.0,,1.0,1.0
2026-02-03,0.032135400114758905,1.2807636954291193,0.014851095989607654,1.0609298217894194,2.0
2026-02-09,0.09744995097505464,0.7953328171365383,-0.07242796061990302,0.6134677226880495,3.0
2026-02-10,-1.8644405180572394,1.0,-0.4608819010774791,1.0,1.0
2026-02-12,-0.19020819254097754,1.2149200224006222,1.044931339883755,0.7191124970203397,4.0
2026-02-16,-0.13046958831087213,1.459681767620315,-0.5921868114170357,0.2024485802603612,2.0
2026-02-17,0.0,1.0,0.0,1.0,1.0
2026-02-22,-0.29467129319576424,1.0,,1.0,1.0
2026-02-23,0.7522594274368534,1.0,-0.42174116783665005,1.0,1.0
2026-02-24,-0.7071067811865481,1.0,,1.0,1.0
2026-02-25,0.09854952267104469,0.8972241495846176,-0.2545251835392665,0.6972033743488011,9.0
2026-03-05,0.6808236181411919,0.6806003239708301,-0.09535709410472976,0.6532079168347839,3.0
2026-03-07,0.6899896043068707,0.23952794247405204,0.6249057343475689,0.7634560921917286,5.0
2026-03-09,0.03322344469834121,0.2283090857301725,-0.2875915101402712,0.4337360924160198,4.0
2026-03-10,-1.5154862238823779,1.0,-0.4608819010774791,1.0,1.0
2026-03-11,-0.7000297916914031,1.0,-0.7353395753607261,1.0,1.0
2026-03-18,-0.5843821234718631,1.0,1.685847763646303,1.0,1.0
2026-03-19,-0.9401021481358627,1.0,,1.0,1.0
2026-03-27,0.9368975484888208,1.0,-0.5572448416233438,1.0,1.0
2026-03-31,1.0539598429716204,1.0,0.07172287097495025,1.0,1.0
2026-04-01,0.2967628933925201,1.0,-0.42174116783665005,1.0,1.0
2026-04-02,0.5782395411667927,1.0,-0.4608819010774791,1.0,1.0
2026-04-03,0.042857142857142864,1.0,0.0,1.0,1.0
2026-04-04,1.050702400857729,1.0,,1.0,1.0
2026-04-05,-0.23950358600823177,1.0,,1.0,1.0
2026-04-08,0.555531969682773,0.7889542162933573,-0.5157751957118758,0.1064637897656928,8.0
2026-04-09,-0.42010156799668746,1.0564228296888993,-0.22387970042608196,0.41804516554770094,3.0
2026-04-10,-0.46597041559401337,0.9199160748244675,-0.3320599605959672,0.5203315829941764,7.0
2026-04-13,1.653381802552968,0.7423636490234151,-0.5921868114170357,0.2024485802603612,2.0
2026-04-15,-0.3574112074209073,0.5504992815698151,-0.5019710744091902,0.07243648409231959,3.0
2026-04-18,-1.1304961122863577,1.0,0.07172287097495025,1.0,1.0
2026-04-20,,1.0,,1.0,1.0
2026-04-21,0.6697724004491191,1.0,,1.0,1.0
2026-04-23,-0.8165621012044768,1.0,-0.4133452205563576,1.0,1.0
2026-04-28,,1.0,,1.0,1.0
2026-05-04,-0.0880050642991937,1.0,-0.4133452205563576,1.0,1.0
2026-05-07,1.2460808914279278,1.0869221329419947,-0.6011624442446301,0.12109358403589118,3.0
2026-05-08,-1.4920898671199216,1.0,-0.5856092748869389,1.0,1.0
2026-05-11,1.3725026919124017,1.8815544996318698,-0.10903632976629421,0.8263114418569496,2.0
2026-05-20,0.3926119742073017,1.0,0.1926294127086254,1.0,1.0
2026-05-29,0.42704330425713194,1.0,-0.5681477573731639,1.0,1.0
2026-05-30,0.38032306531513543,1.0,-0.5510294831596729,1.0,1.0
2026-06-01,0.5782395411667927,1.0,-0.4608819010774791,1.0,1.0
2026-06-02,-1.0762583037780356,1.0,-0.44903404747334524,1.0,1.0
2026-06-03,0.004043895120169005,1.5277780211433178,-0.44903404747334524,1.0,2.0
2026-06-04,1.3796285201266067,1.0,0.7584076946536543,1.0,1.0
2026-06-10,1.127134601546766,1.0,-0.5206656023139212,1.0,1.0
2026-06-12,-1.1914420045387066,1.0,,1.0,1.0
2026-06-13,0.035421750228118914,1.0,-0.4608819010774791,1.0,1.0
2026-06-14,0.23123252724262544,0.276918256512729,-0.5145148292253215,0.07584841437646042,2.0
2026-06-21,-0.1972144458884557,1.0,-0.4608819010774791,1.0,1.0
2026-06-25,-1.0439253977710938,1.0,-0.5418606574106543,1.0,1.0
2026-06-27,1.256761779840135,1.0,-0.4608819010774791,1.0,1.0
2026-06-29,0.1904611927569841,1.1164007665182376,0.6816700183496482,1.7583732039208877,2.0
2026-06-30,-0.11555513768985759,2.453345701313653,-0.12935253677148995,0.7589187329901796,2.0
2026-07-01,0.2759747508650501,1.0,-0.45942204726315244,1.0,1.0
2026-07-04,-0.9685052567306275,1.0,-0.42174116783665005,1.0,1.0
2026-07-06,1.2935885858489657,1.0,-0.35355339059327373,1.0,1.0
2026-07-07,0.22229398052116378,1.0399088960113705,-0.34883119387776923,0.47389833246097673,6.0
2026-07-08,0.24635759229354323,0.15161306853206932,-0.447707024001964,0.1331533453132743,2.0
2026-07-11,1.4007764263489324,0.05824903387838117,1.1288410878712127,2.180980793084367,2.0
2026-07-15,-1.6011393317922016,1.0,-0.42174116783665005,1.0,1.0
2026-07-16,0.4133780056363425,0.5104455236782915,-0.44567565318356633,0.2890999097380225,6.0
2026-07-17,-0.08469563771317183,0.39230134671671446,-0.1540595487194838,0.46999657859888816,5.0
2026-07-18,-1.5155150677261096,0.055163705674267045,-0.22696749321017723,0.6208703377041292,2.0
2026-07-21,0.5259012001847199,0.324050501124736,1.1325013828898376,2.1980308944547517,2.0
2026-07-22,0.7137371491613811,0.6695949435523559,-0.5014844564710813,0.07285422983688566,3.0
2026-07-28,0.8668636809773943,1.0102847740541887,0.03755021430215666,0.8212007342499738,3.0
2026-07-31,0.49752130007590667,0.11670747474820782,-0.5194822718271142,1.0,2.0
2026-08-02,-0.3358711816690537,1.0,-0.42174116783665005,1.0,1.0
2026-08-04,1.751053840109234,1.0,-0.5418606574106543,1.0,1.0
2026-08-07,0.500312575092442,1.7688152600064289,-0.5418606574106543,1.0,2.0
2026-08-09,-0.591835939261125,0.020485831075176292,-0.5773502691896257,1.0,2.0
2026-08-10,0.15579234117505644,0.1699635937422687,1.2869465955096913,1.0,2.0
2026-08-13,-0.9622735085855335,1.0,-0.4133452205563576,1.0,1.0
2026-08-14,-1.668380347160935,1.0,-0.44903404747334524,1.0,1.0
2026-08-15,0.2759747508650501,1.0,-0.45942204726315244,1.0,1.0
2026-08-16,-0.3556080176238194,1.0,-0.35355339059327373,1.0,1.0
2026-08-17,-0.8502744174849881,1.0,-0.5572448416233438,1.0,1.0
2026-08-19,0.3043241892184039,1.2809034289595327,-0.5454175200491758,0.059602767786747904,4.0
2026-08-20,0.3073954725512973,0.6912990510694463,0.3551263848453415,0.7030470161867647,3.0
2026-08-21,0.8816308627297634,1.0,2.24675039199811,1.0,1.0
2026-08-23,-0.5931533844278273,0.7862443114667494,-0.5014844564710813,0.07285422983688569,3.0
2026-08-24,-0.31828478938794735,1.0184358034834182,-0.05700261732689279,0.7152224356513562,6.0
2026-08-25,0.47970185437572044,1.0,,1.0,1.0
2026-08-26,-0.5798245833923933,1.091026713230166,1.1999024139843613,1.158203932500407,7.0
2026-08-27,-0.30360842422954504,0.9759660699976846,0.03625923243982219,0.8716780549592265,20.0
2026-08-28,-0.22807796644864978,0.6433561342525576,-0.41784006441785343,0.44630188208274824,4.0
2026-08-30,-0.09526095176148672,0.010261374456227691,1.24154810629673,2.340372587116368,2.0
2026-08-31,-0.6525968503612734,1.7337881255094216,0.26161607783375157,1.2251409091716932,4.0
2026-09-01,0.097304594269359,1.0,2.4457979061933033,1.0,1.0
2026-09-02,0.20798737543252505,0.0961486684068283,-0.22971102363157622,0.3248604450463816,2.0
2026-09-04,-0.432266916281818,0.8734643082839944,-0.3677817759344052,0.6481160658789151,11.0
2026-09-05,-0.016258115824895336,0.5782296265722415,-0.6659891192383488,0.0,2.0
2026-09-07,-0.4653004705124786,1.0,-0.32963328588562885,1.0,1.0
2026-09-10,0.2539112996870071,1.0,-0.7148049907573449,1.0,1.0
