,Winter,Sommer,Herbst,Fr√ºhling,Invalid
2025-08-01,0.0,0.0,0.0,0.0,8.0
2025-08-02,0.0,0.0,0.0,0.0,10.0
2025-08-03,0.0,0.0,0.0,0.0,2.0
2025-08-04,0.0,0.0,0.0,0.0,5.0
2025-08-05,0.0,0.0,0.0,0.0,19.0
2025-08-06,0.0,0.0,0.0,0.0,7.0
2025-08-07,0.0,0.0,0.0,0.0,10.0
2025-08-08,0.0,0.0,0.0,0.0,10.0
2025-08-09,0.0,0.0,0.0,0.0,2.0
2025-08-10,0.0,0.0,0.0,0.0,12.0
2025-08-11,0.0,0.0,0.0,0.0,14.0
2025-08-12,0.0,0.0,0.0,0.0,7.0
2025-08-13,0.0,0.0,0.0,0.0,9.0
2025-08-14,0.0,0.0,0.0,0.0,19.0
2025-08-15,0.0,0.0,0.0,0.0,23.0
2025-08-16,0.0,0.0,0.0,0.0,8.0
2025-08-17,0.0,0.0,0.0,0.0,4.0
2025-08-18,0.0,0.0,0.0,0.0,31.0
2025-08-19,0.0,0.0,0.0,0.0,23.0
2025-08-20,0.0,0.0,0.0,0.0,17.0
2025-08-21,0.0,0.0,0.0,0.0,14.0
2025-08-22,0.0,0.0,0.0,0.0,12.0
2025-08-23,0.0,0.0,0.0,0.0,10.0
2025-08-24,0.0,0.0,0.0,0.0,16.0
2025-08-25,0.0,0.0,0.0,0.0,30.0
2025-08-26,0.0,0.0,0.0,0.0,15.0
2025-08-27,0.0,0.0,0.0,0.0,11.0
2025-08-28,0.0,0.0,0.0,0.0,21.0
2025-08-29,0.0,0.0,0.0,0.0,32.0
2025-08-30,0.0,0.0,0.0,0.0,13.0
2025-08-31,0.0,0.0,0.0,0.0,5.0
2025-09-01,0.0,0.0,0.0,0.0,15.0
2025-09-02,0.0,0.0,0.0,0.0,25.0
2025-09-03,0.0,0.0,0.0,0.0,15.0
2025-09-04,0.0,0.0,0.0,0.0,7.0
2025-09-05,0.0,0.0,0.0,0.0,12.0
2025-09-06,0.0,0.0,0.0,0.0,2.0
2025-09-07,0.0,0.0,0.0,0.0,6.0
2025-09-08,0.0,0.0,0.0,0.0,10.0
2025-09-09,0.0,0.0,0.0,0.0,20.0
2025-09-10,0.0,0.0,0.0,0.0,7.0
2025-09-11,0.0,0.0,0.0,0.0,12.0
2025-09-12,0.0,0.0,0.0,0.0,16.0
2025-09-13,0.0,0.0,0.0,0.0,13.0
2025-09-14,0.0,0.0,0.0,0.0,26.0
2025-09-15,0.0,0.0,0.0,0.0,17.0
2025-09-16,0.0,0.0,0.0,0.0,9.0
2025-09-17,0.0,0.0,0.0,0.0,12.0
2025-09-18,0.0,0.0,0.0,0.0,15.0
2025-09-19,0.0,0.0,0.0,0.0,27.0
2025-09-20,0.0,0.0,0.0,0.0,15.0
2025-09-21,0.0,0.0,0.0,0.0,16.0
2025-09-22,0.0,0.0,0.0,0.0,15.0
2025-09-23,0.0,0.0,0.0,0.0,7.0
2025-09-24,0.0,0.0,0.0,0.0,9.0
2025-09-25,0.0,0.0,0.0,0.0,9.0
2025-09-26,0.0,0.0,0.0,0.0,9.0
2025-09-27,0.0,0.0,0.0,0.0,9.0
2025-09-28,0.0,0.0,0.0,0.0,17.0
2025-09-29,0.0,0.0,0.0,0.0,11.0
2025-09-30,0.0,0.0,0.0,0.0,14.0
2025-10-01,0.0,0.0,0.0,0.0,20.0
2025-10-02,0.0,0.0,0.0,0.0,14.0
2025-10-03,0.0,0.0,0.0,0.0,17.0
2025-10-04,0.0,0.0,0.0,0.0,13.0
2025-10-05,0.0,0.0,0.0,0.0,35.0
2025-10-06,0.0,0.0,0.0,0.0,12.0
2025-10-07,0.0,0.0,0.0,0.0,8.0
2025-10-08,0.0,0.0,0.0,0.0,3.0
2025-10-09,0.0,0.0,0.0,0.0,11.0
2025-10-10,0.0,0.0,0.0,0.0,7.0
2025-10-11,0.0,0.0,0.0,0.0,18.8
2025-10-12,0.0,0.0,0.9,0.0,10.700000000000001
2025-10-13,0.0,0.0,0.0,0.0,16.8
2025-10-14,0.0,0.0,0.0,0.0,9.0
2025-10-15,0.9,0.0,0.0,0.0,10.9
2025-10-16,0.0,0.0,2.7,0.0,8.8
2025-10-17,0.9,0.0,1.8,0.0,9.9
2025-10-18,0.0,0.0,0.9,0.0,14.8
2025-10-19,0.0,0.9,1.8,0.0,7.7
2025-10-20,0.0,1.8,0.0,0.0,7.9
2025-10-21,0.0,0.9,0.9,0.0,14.5
2025-10-22,1.8,0.9,1.8,0.0,10.8
2025-10-23,2.7,3.6,3.6,0.0,19.9
2025-10-24,2.7,0.0,1.8,0.0,16.400000000000002
2025-10-25,1.8,0.0,3.6,0.9,19.9
2025-10-26,3.6,0.0,1.8,0.0,14.300000000000002
2025-10-27,1.8,0.9,2.7,0.0,18.3
2025-10-28,1.8,0.9,0.9,0.0,8.700000000000001
2025-10-29,2.7,0.0,0.0,1.8,6.6
2025-10-30,0.0,0.0,1.8,0.9,4.699999999999999
2025-10-31,1.8,0.0,1.8,0.0,17.3
2025-11-01,0.9,0.0,0.9,0.0,0.0
2025-11-02,0.9,3.6,0.9,0.0,4.8
2025-11-03,0.0,0.0,2.7,0.9,10.700000000000001
2025-11-04,0.0,0.0,3.6,0.0,11.6
2025-11-05,0.9,0.0,2.7,0.0,6.4
2025-11-06,0.9,0.0,0.0,0.9,3.7
2025-11-07,0.0,0.0,0.9,0.9,1.8
2025-11-08,1.8,0.9,1.8,2.7,0.9
2025-11-09,1.8,0.0,0.9,0.0,9.000000000000002
2025-11-10,3.6,0.0,1.8,1.8,1.8
2025-11-11,0.9,0.0,2.7,2.7,3.6
2025-11-12,5.4,0.0,4.5,0.0,1.8
2025-11-13,9.000000000000002,0.0,3.6,1.8,0.0
2025-11-14,2.7,0.0,0.9,0.9,0.0
2025-11-15,7.200000000000001,4.5,3.6,0.0,0.0
2025-11-16,4.5,0.9,6.300000000000001,0.0,0.0
2025-11-17,5.4,1.8,1.8,0.9,0.0
2025-11-18,9.900000000000002,0.9,0.0,0.0,0.0
2025-11-19,1.8,0.0,0.0,0.0,0.0
2025-11-20,7.200000000000001,0.0,0.0,0.0,0.0
2025-11-21,0.9,0.0,0.0,0.0,0.0
